Peptide,Charge,True NEH,e NEH,sum_xi,pxt_neh,residual,dif,test
FDEHGIMVLGcGPY,2,23,23.018738130868865,1.0502523653278628,1.0559994354844089,0.0012058905808182288,0.018738130868865,0.544230419395042
QAFITAQNHGY,2,24,23.96052741767093,1.1987985174239586,1.125000114552675,0.0,0.03947258232906847,6.559857365048144
TSAcFEPSLDYMVTK,2,23,23.108664090434118,1.080149163535518,1.077999398112296,0.0,0.10866409043411807,0.19942176470474723
QNLIAEVSTK,2,19,19.13030042862782,0.8055559285582664,0.8159995637834069,0.0009518322057028776,0.13030042862781954,1.2798579421682819
VSQEHPVVLTK,3,19,18.695594791806723,0.8266748267958172,0.8300000587478316,0.0008256279344629387,0.3044052081932769,0.40063032730756215
SAYALGGLGSGIcPNK,3,30,29.191176216637654,1.3657362965062432,1.2499992735683925,0.0,0.808823783362346,9.25896721583321
TAVDSGIALLTNFQVTK,2,25,26.019642280964234,1.1897132057004463,1.1699994653463377,0.0,1.0196422809642343,1.684935842964081
DGSIDLVINLPNNNTK,2,23,24.08599388344546,1.1310777845114732,1.0220000995323026,0.0059047067004823605,1.085993883445461,10.672962265765703
VAQAPWK,2,15,13.798287650769382,0.6228962591740201,0.6239996664226053,0.0,1.2017123492306183,0.17682817923781835
FLGVAEQLHNEGFK,3,27,28.2132271229914,1.2277861666291667,1.2249993160367,0.0,1.2132271229913982,0.2274981345690112
cEMASTGEVAcFGEGIHTAFLK,3,43,44.287557267327195,1.9526209709786997,1.849998924881221,0.0,1.2875572673271947,5.547140850585498
EPLFGISTGNIITGLAAGAK,3,36,37.49390651273001,1.5338427130567311,1.535999178886413,0.0,1.4939065127300069,0.14039498583880652
GQNQPVLNITNR,2,24,22.383798770932035,0.9652815179136469,0.9720000587403684,0.0,1.6162012290679648,0.6912078622122917
FLGVAEQLHNEGFK,2,27,25.223079563820814,1.2446630470001285,1.2240001056343313,0.0,1.7769204361791857,1.688148658703654
IMGTSPLQIDR,2,20,18.136303570733386,0.8016303841662603,0.8049999177455899,0.0,1.8636964292666143,0.41857564268652053
SMEYcIIEVNAR,2,25,26.974985831191702,1.0880749714185012,1.0999993607401855,0.0059921279387909,1.9749858311917023,1.0840360228628128
IAPSFAVESMEDALK,2,33,31.018781933471878,1.4415013247705988,1.420999206602572,0.0,1.9812180665281218,1.4427958912830547
NLAVPLYK,2,11,8.80444702089839,0.42883010792384535,0.43199976906180365,0.0005616492661117902,2.1955529791016097,0.7337182482393496
AADTIGYPVMIR,2,22,19.794626205627377,0.9093646844956468,0.919999554753304,0.0,2.2053737943726226,1.1559647178860766
TAVDSGIALLTNFQVTK,3,25,27.295243493221,1.1587098802621254,1.1499993316829211,0.0,2.295243493221001,0.7574394470696928
GILIGIQQSFR,2,21,18.588244061161273,0.9250303878791446,0.9029996395111083,0.0,2.411755938838727,2.4397294754141816
AVNTLNEALEFANSVGYPcLLR,3,42,39.26197376001863,1.810589857951655,1.7499989829957494,0.0,2.738026239981373,3.462337723887284
TVLMNPNIASVQTNEVGLK,2,30,27.20155624564369,1.312863817751421,1.2499992735683925,0.0,2.7984437543563097,5.029166457318655
VLGTSVESIMATEDR,2,28,30.988114918702365,1.2852113979972144,1.273999288678168,0.00037958638765147115,2.9881149187023652,0.880071866498415
GNDVLVIEcNLR,2,20,23.11482880380241,0.8869227748602904,0.8909999951720247,1.4250298927891928e-05,3.1148288038024106,0.457600486400352
IALGIPLPEIK,2,19,15.686366449969784,0.794767425139598,0.7840000763535473,0.0028273525344509,3.3136335500302163,1.3733861909976537
EWPANLDLK,2,16,19.44554005826007,0.7282962913487563,0.7350000715814505,0.0,3.4455400582600717,0.9120788543965948
AFAISGPFNVQFLVK,2,25,21.254327672062576,1.0738087591904728,1.0499993897974498,0.0,3.7456723279374238,2.2675603075937003
GNDVLVIEcNLR,3,20,14.697985203078648,0.8424198703840716,0.832999534904956,0.006478291196832166,5.302014796921352,1.1308932459596666
McHPSVDGFTPR,2,21,15.407757816549912,0.9176353190004789,0.8279995992779735,0.0,5.592242183450088,10.825575253981876
AMLSTGFK,2,11,5.371362193766819,0.40017190399080715,0.4229997843503952,0.007704305757243904,5.628637806233181,5.396664774816621
DGSIDLVINLPNNNTK,3,23,16.561304340890025,0.947530266603244,0.930999480187892,0.0,6.438695659109975,1.7755956654256984
HIGSSVEFDWcAVSSIR,3,33,26.249493065318283,1.2886212920175015,1.322999261319636,0.005313419294052053,6.750506934681717,2.5984874147128294
EPLFGISTGNIITGLAAGAK,2,36,28.774284458325177,1.4832925027353747,1.499999128282071,0.0,7.225715541674823,1.1137756837119102
PSYVLSGSAMNVVFSEDEMK,2,36,27.60947024508426,1.6036680629697102,1.535999178886413,0.0,8.39052975491574,4.405528662610139
mcHPSVDGFTPR,3,21,12.531921470359812,0.813015501375263,0.7679995894432065,0.002487917643006662,8.468078529640188,5.861449999562205
IEFEGQSVDFVDPNK,2,28,38.1634308512112,1.345689792767304,1.3499992154538638,0.0007267957703138723,10.163430851211203,0.31921668081200055
