NEH,pxt,RMSE,theo_A1/A0,exp_A1/A0,theo_t_A1/A0,exp_t_A1/A0
4,0.04720023,0.00354687903930198,0.8963767,1.00177706561819,1.094594,1.113986421102
4,0.04730023,0.00353733447818417,0.8963767,1.00177706561819,1.095035,1.113986421102
4,0.04740023,0.00352873280298795,0.8963767,1.00177706561819,1.095475,1.113986421102
4,0.04750023,0.00352107126123984,0.8963767,1.00177706561819,1.095917,1.113986421102
4,0.04760023,0.00351436067039176,0.8963767,1.00177706561819,1.096358,1.113986421102
4,0.04770023,0.0035085924784798,0.8963767,1.00177706561819,1.096799,1.113986421102
4,0.04780024,0.00350378509485928,0.8963767,1.00177706561819,1.09724,1.113986421102
4,0.04790024,0.00349994011687589,0.8963767,1.00177706561819,1.097681,1.113986421102
4,0.04800024,0.00349704899198553,0.8963767,1.00177706561819,1.098123,1.113986421102
4,0.04810024,0.00349512816490654,0.8963767,1.00177706561819,1.098564,1.113986421102
4,0.04820024,0.00349417158513922,0.8963767,1.00177706561819,1.099006,1.113986421102
4,0.04830024,0.00349417194654476,0.8963767,1.00177706561819,1.099448,1.113986421102
4,0.04840025,0.00349514268493746,0.8963767,1.00177706561819,1.09989,1.113986421102
4,0.04850025,0.00349707588920774,0.8963767,1.00177706561819,1.100331,1.113986421102
4,0.04860025,0.00349996287303583,0.8963767,1.00177706561819,1.100773,1.113986421102
4,0.04870025,0.00350381115994212,0.8963767,1.00177706561819,1.101216,1.113986421102
4,0.04880025,0.00350860742105175,0.8963767,1.00177706561819,1.101658,1.113986421102
4,0.04890025,0.00351435995090058,0.8963767,1.00177706561819,1.1021,1.113986421102
4,0.04900026,0.00352104328702187,0.8963767,1.00177706561819,1.102543,1.113986421102
4,0.04910026,0.00352866938158255,0.8963767,1.00177706561819,1.102985,1.113986421102
4,0.04920026,0.00353722902232843,0.8963767,1.00177706561819,1.103428,1.113986421102
4,0.04930026,0.00354670928193978,0.8963767,1.00177706561819,1.10387,1.113986421102
4,0.04940026,0.0035570979152524,0.8963767,1.00177706561819,1.104313,1.113986421102
4,0.04950026,0.00356839848284954,0.8963767,1.00177706561819,1.104756,1.113986421102
4,0.04960027,0.00358058833260995,0.8963767,1.00177706561819,1.105199,1.113986421102
4,0.04970027,0.00359367184648807,0.8963767,1.00177706561819,1.105642,1.113986421102
4,0.04980027,0.00360763567232429,0.8963767,1.00177706561819,1.106085,1.113986421102
4,0.04990027,0.00362245389066143,0.8963767,1.00177706561819,1.106528,1.113986421102
5,0.03810007,0.00358463406537927,0.8963767,1.00177706561819,1.094486,1.113986421102
5,0.03820007,0.00357618547671093,0.8963767,1.00177706561819,1.095026,1.113986421102
5,0.03830007,0.00356917149505296,0.8963767,1.00177706561819,1.095567,1.113986421102
5,0.03840008,0.00356360971125831,0.8963767,1.00177706561819,1.096108,1.113986421102
5,0.03850008,0.00355950292237915,0.8963767,1.00177706561819,1.096649,1.113986421102
5,0.03860008,0.00355685725000322,0.8963767,1.00177706561819,1.09719,1.113986421102
5,0.03870008,0.00355566025821911,0.8963767,1.00177706561819,1.097731,1.113986421102
5,0.03880008,0.003555923045268,0.8963767,1.00177706561819,1.098272,1.113986421102
5,0.03890008,0.00355765080016552,0.8963767,1.00177706561819,1.098814,1.113986421102
5,0.03900009,0.00356082265897827,0.8963767,1.00177706561819,1.099355,1.113986421102
5,0.03910009,0.00356544997349483,0.8963767,1.00177706561819,1.099897,1.113986421102
5,0.03920009,0.0035715149664389,0.8963767,1.00177706561819,1.100439,1.113986421102
5,0.03930009,0.00357901367505318,0.8963767,1.00177706561819,1.100981,1.113986421102
5,0.03940009,0.00358793250476079,0.8963767,1.00177706561819,1.101523,1.113986421102
5,0.03950009,0.00359826001431706,0.8963767,1.00177706561819,1.102065,1.113986421102
5,0.0396001,0.003609983433037,0.8963767,1.00177706561819,1.102607,1.113986421102
5,0.0397001,0.00362308896963146,0.8963767,1.00177706561819,1.103149,1.113986421102
5,0.0398001,0.00363756250507413,0.8963767,1.00177706561819,1.103692,1.113986421102
5,0.0399001,0.00365337930151393,0.8963767,1.00177706561819,1.104234,1.113986421102
5,0.0400001,0.00367052182178004,0.8963767,1.00177706561819,1.104777,1.113986421102
5,0.04010011,0.00368898313080555,0.8963767,1.00177706561819,1.10532,1.113986421102
5,0.04020011,0.00370872799795145,0.8963767,1.00177706561819,1.105862,1.113986421102
5,0.04030011,0.00372974110455303,0.8963767,1.00177706561819,1.106405,1.113986421102
5,0.04040011,0.0037519892140246,0.8963767,1.00177706561819,1.106949,1.113986421102
5,0.04050011,0.00377545990193942,0.8963767,1.00177706561819,1.107492,1.113986421102
5,0.04060011,0.00380013007246463,0.8963767,1.00177706561819,1.108035,1.113986421102
5,0.04070012,0.00382597345140743,0.8963767,1.00177706561819,1.108579,1.113986421102
5,0.04080012,0.00385296526008989,0.8963767,1.00177706561819,1.109122,1.113986421102
5,0.04090012,0.00388107312993218,0.8963767,1.00177706561819,1.109666,1.113986421102
5,0.04100012,0.00391028121844603,0.8963767,1.00177706561819,1.11021,1.113986421102
5,0.04110012,0.00394055752417124,0.8963767,1.00177706561819,1.110754,1.113986421102
5,0.04120012,0.00397188201144754,0.8963767,1.00177706561819,1.111298,1.113986421102
5,0.04130013,0.00400421592317867,0.8963767,1.00177706561819,1.111842,1.113986421102
5,0.04140013,0.00403755650205754,0.8963767,1.00177706561819,1.112386,1.113986421102
5,0.04150013,0.00407185734035981,0.8963767,1.00177706561819,1.112931,1.113986421102
5,0.04160013,0.00410709964352187,0.8963767,1.00177706561819,1.113475,1.113986421102
5,0.04170013,0.00414326304491158,0.8963767,1.00177706561819,1.114019,1.113986421102
5,0.04180013,0.0041803154223545,0.8963767,1.00177706561819,1.114564,1.113986421102
5,0.04190014,0.00421824504119488,0.8963767,1.00177706561819,1.115109,1.113986421102
5,0.04200014,0.00425700798773033,0.8963767,1.00177706561819,1.115654,1.113986421102
5,0.04210014,0.00429658746768364,0.8963767,1.00177706561819,1.116199,1.113986421102
5,0.04220014,0.00433696794758878,0.8963767,1.00177706561819,1.116744,1.113986421102
5,0.04230014,0.00437812214824573,0.8963767,1.00177706561819,1.117289,1.113986421102
5,0.04240014,0.00442002028500567,0.8963767,1.00177706561819,1.117835,1.113986421102
5,0.04250015,0.00446265150484288,0.8963767,1.00177706561819,1.11838,1.113986421102
5,0.04260015,0.00450598384488486,0.8963767,1.00177706561819,1.118926,1.113986421102
5,0.04270015,0.00455000524354625,0.8963767,1.00177706561819,1.119472,1.113986421102
5,0.04280015,0.00459468802236222,0.8963767,1.00177706561819,1.120017,1.113986421102
5,0.04290015,0.00464001207988978,0.8963767,1.00177706561819,1.120564,1.113986421102
5,0.04300015,0.0046859669408915,0.8963767,1.00177706561819,1.121109,1.113986421102
5,0.04310016,0.0047325269051545,0.8963767,1.00177706561819,1.121656,1.113986421102
5,0.04320016,0.0047796636217943,0.8963767,1.00177706561819,1.122202,1.113986421102
5,0.04330016,0.00482737862530804,0.8963767,1.00177706561819,1.122748,1.113986421102
5,0.04340016,0.00487563288617221,0.8963767,1.00177706561819,1.123295,1.113986421102
5,0.04350016,0.00492443172401765,0.8963767,1.00177706561819,1.123842,1.113986421102
5,0.04360016,0.00497373969351051,0.8963767,1.00177706561819,1.124388,1.113986421102
5,0.04370017,0.0050235450882145,0.8963767,1.00177706561819,1.124935,1.113986421102
5,0.04380017,0.00507384118354214,0.8963767,1.00177706561819,1.125482,1.113986421102
5,0.04390017,0.00512460606010829,0.8963767,1.00177706561819,1.126029,1.113986421102
5,0.04400017,0.00517581896959126,0.8963767,1.00177706561819,1.126576,1.113986421102
5,0.04410017,0.00522748080310104,0.8963767,1.00177706561819,1.127124,1.113986421102
5,0.04420017,0.0052795684169099,0.8963767,1.00177706561819,1.127671,1.113986421102
5,0.04430018,0.00533205975734192,0.8963767,1.00177706561819,1.128219,1.113986421102
5,0.04440018,0.00538495453457013,0.8963767,1.00177706561819,1.128766,1.113986421102
5,0.04450018,0.00543824440368992,0.8963767,1.00177706561819,1.129314,1.113986421102
5,0.04460018,0.00549190260413202,0.8963767,1.00177706561819,1.129862,1.113986421102
5,0.04470018,0.00554592682258173,0.8963767,1.00177706561819,1.13041,1.113986421102
5,0.04480018,0.00560030866794078,0.8963767,1.00177706561819,1.130958,1.113986421102
5,0.04490019,0.00565502827035924,0.8963767,1.00177706561819,1.131507,1.113986421102
5,0.04500019,0.00571007641396167,0.8963767,1.00177706561819,1.132055,1.113986421102
5,0.04510019,0.00576544088418777,0.8963767,1.00177706561819,1.132603,1.113986421102
5,0.04520019,0.00582112210827254,0.8963767,1.00177706561819,1.133152,1.113986421102
5,0.04530019,0.00587712973858738,0.8963767,1.00177706561819,1.133701,1.113986421102
5,0.04540019,0.00593340567297572,0.8963767,1.00177706561819,1.13425,1.113986421102
5,0.0455002,0.00598995889243721,0.8963767,1.00177706561819,1.134798,1.113986421102
5,0.0456002,0.00604678631098062,0.8963767,1.00177706561819,1.135347,1.113986421102
6,0.03199997,0.00361104447336723,0.8963767,1.00177706561819,1.094786,1.113986421102
6,0.03209997,0.00360491163628509,0.8963767,1.00177706561819,1.095427,1.113986421102
6,0.03219997,0.00360082012282318,0.8963767,1.00177706561819,1.096068,1.113986421102
6,0.03229997,0.00359878427136274,0.8963767,1.00177706561819,1.096709,1.113986421102
6,0.03239997,0.00359880823206453,0.8963767,1.00177706561819,1.09735,1.113986421102
6,0.03249998,0.00360087766284712,0.8963767,1.00177706561819,1.097991,1.113986421102
6,0.03259998,0.00360500258298778,0.8963767,1.00177706561819,1.098632,1.113986421102
6,0.03269998,0.00361115508751128,0.8963767,1.00177706561819,1.099273,1.113986421102
6,0.03279998,0.00361934071798368,0.8963767,1.00177706561819,1.099915,1.113986421102
6,0.03289998,0.0036295309472788,0.8963767,1.00177706561819,1.100557,1.113986421102
6,0.03299998,0.00364171053211515,0.8963767,1.00177706561819,1.101198,1.113986421102
6,0.03309999,0.00365585911236279,0.8963767,1.00177706561819,1.10184,1.113986421102
6,0.03319999,0.00367193821867728,0.8963767,1.00177706561819,1.102483,1.113986421102
6,0.03329999,0.0036899363735068,0.8963767,1.00177706561819,1.103125,1.113986421102
6,0.03339999,0.00370982132710525,0.8963767,1.00177706561819,1.103767,1.113986421102
6,0.03349999,0.00373156442484337,0.8963767,1.00177706561819,1.104409,1.113986421102
6,0.0336,0.00375511309141471,0.8963767,1.00177706561819,1.105052,1.113986421102
6,0.0337,0.00378044195427175,0.8963767,1.00177706561819,1.105695,1.113986421102
6,0.0338,0.00380751322231151,0.8963767,1.00177706561819,1.106338,1.113986421102
6,0.0339,0.00383628854734416,0.8963767,1.00177706561819,1.106981,1.113986421102
6,0.034,0.003866727097972,0.8963767,1.00177706561819,1.107624,1.113986421102
6,0.0341,0.00389879485401045,0.8963767,1.00177706561819,1.108267,1.113986421102
6,0.03420001,0.00393242915100431,0.8963767,1.00177706561819,1.10891,1.113986421102
6,0.03430001,0.00396760825532118,0.8963767,1.00177706561819,1.109554,1.113986421102
6,0.03440001,0.00400427836768996,0.8963767,1.00177706561819,1.110198,1.113986421102
6,0.03450001,0.00404240384543302,0.8963767,1.00177706561819,1.110841,1.113986421102
6,0.03460001,0.00408193530200927,0.8963767,1.00177706561819,1.111485,1.113986421102
6,0.03470001,0.00412284025944207,0.8963767,1.00177706561819,1.112129,1.113986421102
6,0.03480002,0.00416505651705368,0.8963767,1.00177706561819,1.112774,1.113986421102
6,0.03490002,0.00420856075672254,0.8963767,1.00177706561819,1.113418,1.113986421102
6,0.03500002,0.00425330989616876,0.8963767,1.00177706561819,1.114062,1.113986421102
6,0.03510002,0.00429925633548103,0.8963767,1.00177706561819,1.114707,1.113986421102
6,0.03520002,0.00434635828837673,0.8963767,1.00177706561819,1.115352,1.113986421102
6,0.03530002,0.00439458860392804,0.8963767,1.00177706561819,1.115997,1.113986421102
6,0.03540003,0.00444389408289085,0.8963767,1.00177706561819,1.116642,1.113986421102
6,0.03550003,0.00449424669724758,0.8963767,1.00177706561819,1.117287,1.113986421102
6,0.03560003,0.00454560674635807,0.8963767,1.00177706561819,1.117932,1.113986421102
6,0.03570003,0.00459794202263111,0.8963767,1.00177706561819,1.118577,1.113986421102
6,0.03580003,0.0046512071968182,0.8963767,1.00177706561819,1.119223,1.113986421102
6,0.03590003,0.00470538993540357,0.8963767,1.00177706561819,1.119869,1.113986421102
6,0.03600004,0.004760432566272,0.8963767,1.00177706561819,1.120514,1.113986421102
6,0.03610004,0.00481631828232577,0.8963767,1.00177706561819,1.12116,1.113986421102
6,0.03620004,0.00487301559556981,0.8963767,1.00177706561819,1.121806,1.113986421102
6,0.03630004,0.004930491407418,0.8963767,1.00177706561819,1.122453,1.113986421102
6,0.03640004,0.00498871070598416,0.8963767,1.00177706561819,1.123099,1.113986421102
6,0.03650004,0.00504770021528462,0.8963767,1.00177706561819,1.123745,1.113986421102
6,0.03660005,0.00510734626400898,0.8963767,1.00177706561819,1.124392,1.113986421102
6,0.03670005,0.00516765810219843,0.8963767,1.00177706561819,1.125039,1.113986421102
6,0.03680005,0.00522862518426644,0.8963767,1.00177706561819,1.125686,1.113986421102
6,0.03690005,0.00529020785636754,0.8963767,1.00177706561819,1.126333,1.113986421102
6,0.03700005,0.00535238744483531,0.8963767,1.00177706561819,1.12698,1.113986421102
6,0.03710005,0.00541514816488035,0.8963767,1.00177706561819,1.127627,1.113986421102
6,0.03720006,0.0054784608538461,0.8963767,1.00177706561819,1.128275,1.113986421102
6,0.03730006,0.00554230033071848,0.8963767,1.00177706561819,1.128922,1.113986421102
6,0.03740006,0.00560666876325336,0.8963767,1.00177706561819,1.12957,1.113986421102
6,0.03750006,0.00567153234342166,0.8963767,1.00177706561819,1.130218,1.113986421102
6,0.03760006,0.00573686522203715,0.8963767,1.00177706561819,1.130866,1.113986421102
6,0.03770006,0.00580265866064785,0.8963767,1.00177706561819,1.131514,1.113986421102
6,0.03780007,0.00586890735671755,0.8963767,1.00177706561819,1.132162,1.113986421102
6,0.03790007,0.00593557231755935,0.8963767,1.00177706561819,1.13281,1.113986421102
6,0.03800007,0.00600264720125139,0.8963767,1.00177706561819,1.133459,1.113986421102
6,0.03810007,0.00607012010062098,0.8963767,1.00177706561819,1.134107,1.113986421102
6,0.03820007,0.00613797901667725,0.8963767,1.00177706561819,1.134756,1.113986421102
6,0.03830007,0.00620620665795569,0.8963767,1.00177706561819,1.135405,1.113986421102
7,0.02749996,0.00364028921263404,0.8963767,1.00177706561819,1.094382,1.113986421102
7,0.02759996,0.00363419173800771,0.8963767,1.00177706561819,1.095123,1.113986421102
7,0.02769996,0.00363084106066391,0.8963767,1.00177706561819,1.095863,1.113986421102
7,0.02779996,0.00363024973779287,0.8963767,1.00177706561819,1.096604,1.113986421102
7,0.02789996,0.00363240838413764,0.8963767,1.00177706561819,1.097345,1.113986421102
7,0.02799996,0.0036373026665704,0.8963767,1.00177706561819,1.098086,1.113986421102
7,0.02809996,0.00364493412189165,0.8963767,1.00177706561819,1.098827,1.113986421102
7,0.02819996,0.00365526439283532,0.8963767,1.00177706561819,1.099569,1.113986421102
7,0.02829996,0.00366823135628408,0.8963767,1.00177706561819,1.10031,1.113986421102
7,0.02839996,0.00368388426056086,0.8963767,1.00177706561819,1.101052,1.113986421102
7,0.02849996,0.00370215506412025,0.8963767,1.00177706561819,1.101794,1.113986421102
7,0.02859996,0.00372299285156328,0.8963767,1.00177706561819,1.102536,1.113986421102
7,0.02869996,0.00374635163823961,0.8963767,1.00177706561819,1.103278,1.113986421102
7,0.02879996,0.00377217837278797,0.8963767,1.00177706561819,1.10402,1.113986421102
7,0.02889996,0.00380042271952321,0.8963767,1.00177706561819,1.104763,1.113986421102
7,0.02899996,0.00383102135732526,0.8963767,1.00177706561819,1.105505,1.113986421102
7,0.02909996,0.00386392546574339,0.8963767,1.00177706561819,1.106248,1.113986421102
7,0.02919996,0.00389906344073709,0.8963767,1.00177706561819,1.106991,1.113986421102
7,0.02929996,0.00393638242212623,0.8963767,1.00177706561819,1.107734,1.113986421102
7,0.02939996,0.00397579843996264,0.8963767,1.00177706561819,1.108477,1.113986421102
7,0.02949996,0.00401726274430308,0.8963767,1.00177706561819,1.109221,1.113986421102
7,0.02959996,0.00406070873941099,0.8963767,1.00177706561819,1.109964,1.113986421102
7,0.02969996,0.00410606260469353,0.8963767,1.00177706561819,1.110708,1.113986421102
7,0.02979996,0.00415326385846806,0.8963767,1.00177706561819,1.111452,1.113986421102
7,0.02989996,0.00420224486578458,0.8963767,1.00177706561819,1.112195,1.113986421102
7,0.02999996,0.00425293523933706,0.8963767,1.00177706561819,1.11294,1.113986421102
7,0.03009996,0.00430527974776914,0.8963767,1.00177706561819,1.113684,1.113986421102
7,0.03019996,0.00435921936611096,0.8963767,1.00177706561819,1.114428,1.113986421102
7,0.03029996,0.00441468079870398,0.8963767,1.00177706561819,1.115173,1.113986421102
7,0.03039996,0.00447161205158442,0.8963767,1.00177706561819,1.115918,1.113986421102
7,0.03049996,0.00452994710943767,0.8963767,1.00177706561819,1.116663,1.113986421102
7,0.03059996,0.00458964119475953,0.8963767,1.00177706561819,1.117408,1.113986421102
7,0.03069996,0.00465062717058782,0.8963767,1.00177706561819,1.118153,1.113986421102
7,0.03079996,0.00471284877007258,0.8963767,1.00177706561819,1.118898,1.113986421102
7,0.03089995,0.00477627788982032,0.8963767,1.00177706561819,1.119644,1.113986421102
7,0.03099995,0.00484084123306082,0.8963767,1.00177706561819,1.120389,1.113986421102
7,0.03109995,0.00490649663177506,0.8963767,1.00177706561819,1.121135,1.113986421102
7,0.03119995,0.00497320558203615,0.8963767,1.00177706561819,1.121881,1.113986421102
7,0.03129996,0.00504092078982708,0.8963767,1.00177706561819,1.122627,1.113986421102
7,0.03139996,0.00510959345279806,0.8963767,1.00177706561819,1.123374,1.113986421102
7,0.03149996,0.00517918346278386,0.8963767,1.00177706561819,1.12412,1.113986421102
7,0.03159996,0.00524965940237361,0.8963767,1.00177706561819,1.124867,1.113986421102
7,0.03169996,0.0053209765875445,0.8963767,1.00177706561819,1.125613,1.113986421102
7,0.03179996,0.00539310914383833,0.8963767,1.00177706561819,1.12636,1.113986421102
7,0.03189997,0.00546600918119949,0.8963767,1.00177706561819,1.127107,1.113986421102
7,0.03199997,0.00553964872870638,0.8963767,1.00177706561819,1.127855,1.113986421102
7,0.03209997,0.00561400110191944,0.8963767,1.00177706561819,1.128602,1.113986421102
7,0.03219997,0.00568902316259507,0.8963767,1.00177706561819,1.12935,1.113986421102
7,0.03229997,0.00576470392971571,0.8963767,1.00177706561819,1.130097,1.113986421102
7,0.03239997,0.00584100723835877,0.8963767,1.00177706561819,1.130845,1.113986421102
7,0.03249998,0.00591790258298357,0.8963767,1.00177706561819,1.131593,1.113986421102
7,0.03259998,0.00599536807552286,0.8963767,1.00177706561819,1.132341,1.113986421102
7,0.03269998,0.00607338497109626,0.8963767,1.00177706561819,1.13309,1.113986421102
7,0.03279998,0.0061519258201512,0.8963767,1.00177706561819,1.133838,1.113986421102
7,0.03289998,0.00623095849750707,0.8963767,1.00177706561819,1.134587,1.113986421102
7,0.03299998,0.00631047901294477,0.8963767,1.00177706561819,1.135335,1.113986421102
8,0.02419997,0.0036572063048038,0.8963767,1.00177706561819,1.09484,1.113986421102
8,0.02429997,0.00365440930517604,0.8963767,1.00177706561819,1.095681,1.113986421102
8,0.02439997,0.00365516073997076,0.8963767,1.00177706561819,1.096521,1.113986421102
8,0.02449997,0.00365945658764322,0.8963767,1.00177706561819,1.097362,1.113986421102
8,0.02459997,0.0036672822046234,0.8963767,1.00177706561819,1.098203,1.113986421102
8,0.02469997,0.00367861008543955,0.8963767,1.00177706561819,1.099045,1.113986421102
8,0.02479997,0.00369339463471429,0.8963767,1.00177706561819,1.099886,1.113986421102
8,0.02489997,0.00371159932135368,0.8963767,1.00177706561819,1.100728,1.113986421102
8,0.02499996,0.00373315752161724,0.8963767,1.00177706561819,1.101569,1.113986421102
8,0.02509996,0.00375801386289208,0.8963767,1.00177706561819,1.102411,1.113986421102
8,0.02519996,0.00378608896492746,0.8963767,1.00177706561819,1.103253,1.113986421102
8,0.02529996,0.00381730745574415,0.8963767,1.00177706561819,1.104096,1.113986421102
8,0.02539996,0.00385159785235495,0.8963767,1.00177706561819,1.104938,1.113986421102
8,0.02549996,0.0038888674981491,0.8963767,1.00177706561819,1.10578,1.113986421102
8,0.02559996,0.00392902626363165,0.8963767,1.00177706561819,1.106623,1.113986421102
8,0.02569996,0.00397197390476468,0.8963767,1.00177706561819,1.107466,1.113986421102
8,0.02579996,0.00401762460856814,0.8963767,1.00177706561819,1.108309,1.113986421102
8,0.02589996,0.00406588610117277,0.8963767,1.00177706561819,1.109153,1.113986421102
8,0.02599996,0.00411665065019213,0.8963767,1.00177706561819,1.109996,1.113986421102
8,0.02609996,0.00416982226308144,0.8963767,1.00177706561819,1.11084,1.113986421102
8,0.02619996,0.00422531788926572,0.8963767,1.00177706561819,1.111684,1.113986421102
8,0.02629996,0.00428302922580563,0.8963767,1.00177706561819,1.112528,1.113986421102
8,0.02639996,0.00434286084241539,0.8963767,1.00177706561819,1.113372,1.113986421102
8,0.02649996,0.00440473151288689,0.8963767,1.00177706561819,1.114216,1.113986421102
8,0.02659996,0.00446854302209096,0.8963767,1.00177706561819,1.115061,1.113986421102
8,0.02669996,0.00453422215299088,0.8963767,1.00177706561819,1.115905,1.113986421102
8,0.02679996,0.00460167388362195,0.8963767,1.00177706561819,1.11675,1.113986421102
8,0.02689996,0.0046708239902548,0.8963767,1.00177706561819,1.117595,1.113986421102
8,0.02699996,0.00474157616243541,0.8963767,1.00177706561819,1.11844,1.113986421102
8,0.02709996,0.0048138746128303,0.8963767,1.00177706561819,1.119286,1.113986421102
8,0.02719996,0.00488764343069451,0.8963767,1.00177706561819,1.120131,1.113986421102
8,0.02729996,0.004962809839414,0.8963767,1.00177706561819,1.120977,1.113986421102
8,0.02739996,0.0050392972662352,0.8963767,1.00177706561819,1.121823,1.113986421102
8,0.02749996,0.00511706801153549,0.8963767,1.00177706561819,1.122669,1.113986421102
8,0.02759996,0.00519603388888392,0.8963767,1.00177706561819,1.123515,1.113986421102
8,0.02769996,0.00527615030102355,0.8963767,1.00177706561819,1.124362,1.113986421102
8,0.02779996,0.0053573545975834,0.8963767,1.00177706561819,1.125208,1.113986421102
8,0.02789996,0.00543960329473308,0.8963767,1.00177706561819,1.126055,1.113986421102
8,0.02799996,0.00552283694258707,0.8963767,1.00177706561819,1.126902,1.113986421102
8,0.02809996,0.00560701612275969,0.8963767,1.00177706561819,1.127749,1.113986421102
8,0.02819996,0.00569209931217986,0.8963767,1.00177706561819,1.128596,1.113986421102
8,0.02829996,0.00577797125594594,0.8963767,1.00177706561819,1.129444,1.113986421102
8,0.02839996,0.005864713009442,0.8963767,1.00177706561819,1.130291,1.113986421102
8,0.02849996,0.00595223220136184,0.8963767,1.00177706561819,1.131139,1.113986421102
8,0.02859996,0.00604048487480928,0.8963767,1.00177706561819,1.131987,1.113986421102
8,0.02869996,0.00612943919585088,0.8963767,1.00177706561819,1.132835,1.113986421102
8,0.02879996,0.00621906168826566,0.8963767,1.00177706561819,1.133684,1.113986421102
8,0.02889996,0.0063093264362275,0.8963767,1.00177706561819,1.134532,1.113986421102
8,0.02899996,0.00640019345241273,0.8963767,1.00177706561819,1.135381,1.113986421102
9,0.02159997,0.00367379267297301,0.8963767,1.00177706561819,1.095131,1.113986421102
9,0.02169997,0.00367400587169696,0.8963767,1.00177706561819,1.096071,1.113986421102
9,0.02179997,0.00367866044660348,0.8963767,1.00177706561819,1.097012,1.113986421102
9,0.02189997,0.00368773522229677,0.8963767,1.00177706561819,1.097953,1.113986421102
9,0.02199997,0.00370119921051972,0.8963767,1.00177706561819,1.098894,1.113986421102
9,0.02209997,0.00371898925195588,0.8963767,1.00177706561819,1.099835,1.113986421102
9,0.02219997,0.00374102953572578,0.8963767,1.00177706561819,1.100777,1.113986421102
9,0.02229997,0.00376724991961566,0.8963767,1.00177706561819,1.101719,1.113986421102
9,0.02239997,0.00379753739597131,0.8963767,1.00177706561819,1.102661,1.113986421102
9,0.02249997,0.00383180945881505,0.8963767,1.00177706561819,1.103603,1.113986421102
9,0.02259997,0.00386993319354124,0.8963767,1.00177706561819,1.104545,1.113986421102
9,0.02269997,0.00391179578450654,0.8963767,1.00177706561819,1.105488,1.113986421102
9,0.02279997,0.00395727806354883,0.8963767,1.00177706561819,1.10643,1.113986421102
9,0.02289997,0.0040062370848833,0.8963767,1.00177706561819,1.107373,1.113986421102
9,0.02299997,0.00405854566779044,0.8963767,1.00177706561819,1.108316,1.113986421102
9,0.02309997,0.00411407311774246,0.8963767,1.00177706561819,1.109259,1.113986421102
9,0.02319997,0.00417266756630265,0.8963767,1.00177706561819,1.110203,1.113986421102
9,0.02329997,0.0042341493717634,0.8963767,1.00177706561819,1.111147,1.113986421102
9,0.02339997,0.00429850135165471,0.8963767,1.00177706561819,1.112091,1.113986421102
9,0.02349997,0.00436552950090339,0.8963767,1.00177706561819,1.113034,1.113986421102
9,0.02359997,0.00443511636109706,0.8963767,1.00177706561819,1.113979,1.113986421102
9,0.02369997,0.00450711705278093,0.8963767,1.00177706561819,1.114923,1.113986421102
9,0.02379997,0.0045814276863844,0.8963767,1.00177706561819,1.115868,1.113986421102
9,0.02389997,0.00465792639117014,0.8963767,1.00177706561819,1.116813,1.113986421102
9,0.02399997,0.00473649874183779,0.8963767,1.00177706561819,1.117758,1.113986421102
9,0.02409997,0.00481704193935704,0.8963767,1.00177706561819,1.118703,1.113986421102
9,0.02419997,0.00489945244514009,0.8963767,1.00177706561819,1.119648,1.113986421102
9,0.02429997,0.00498361847301574,0.8963767,1.00177706561819,1.120594,1.113986421102
9,0.02439997,0.00506946221084199,0.8963767,1.00177706561819,1.12154,1.113986421102
9,0.02449997,0.0051568897765145,0.8963767,1.00177706561819,1.122486,1.113986421102
9,0.02459997,0.00524580604968167,0.8963767,1.00177706561819,1.123432,1.113986421102
9,0.02469997,0.00533615619341606,0.8963767,1.00177706561819,1.124378,1.113986421102
9,0.02479997,0.00542783440644583,0.8963767,1.00177706561819,1.125325,1.113986421102
9,0.02489997,0.00552078821254124,0.8963767,1.00177706561819,1.126271,1.113986421102
9,0.02499996,0.00561494388580903,0.8963767,1.00177706561819,1.127218,1.113986421102
9,0.02509996,0.0057102314232576,0.8963767,1.00177706561819,1.128166,1.113986421102
9,0.02519996,0.00580659624430664,0.8963767,1.00177706561819,1.129113,1.113986421102
9,0.02529996,0.00590397953637802,0.8963767,1.00177706561819,1.13006,1.113986421102
9,0.02539996,0.00600232589103919,0.8963767,1.00177706561819,1.131008,1.113986421102
9,0.02549996,0.00610158478913167,0.8963767,1.00177706561819,1.131956,1.113986421102
9,0.02559996,0.00620170802417357,0.8963767,1.00177706561819,1.132904,1.113986421102
9,0.02569996,0.00630265246601325,0.8963767,1.00177706561819,1.133852,1.113986421102
9,0.02579996,0.0064043621685754,0.8963767,1.00177706561819,1.134801,1.113986421102
10,0.01939997,0.00369117528487931,0.8963767,1.00177706561819,1.094277,1.113986421102
10,0.01949997,0.00368872721746538,0.8963767,1.00177706561819,1.095317,1.113986421102
10,0.01959997,0.00369173336239005,0.8963767,1.00177706561819,1.096358,1.113986421102
10,0.01969997,0.0037001657532568,0.8963767,1.00177706561819,1.097399,1.113986421102
10,0.01979997,0.0037139926862745,0.8963767,1.00177706561819,1.098439,1.113986421102
10,0.01989997,0.00373312935823474,0.8963767,1.00177706561819,1.099481,1.113986421102
10,0.01999997,0.00375749108446306,0.8963767,1.00177706561819,1.100522,1.113986421102
10,0.02009997,0.0037869528194922,0.8963767,1.00177706561819,1.101564,1.113986421102
10,0.02019997,0.00382139924377147,0.8963767,1.00177706561819,1.102606,1.113986421102
10,0.02029997,0.00386068121650305,0.8963767,1.00177706561819,1.103648,1.113986421102
10,0.02039997,0.00390464137077727,0.8963767,1.00177706561819,1.10469,1.113986421102
10,0.02049997,0.00395311333274807,0.8963767,1.00177706561819,1.105733,1.113986421102
10,0.02059997,0.00400592441023221,0.8963767,1.00177706561819,1.106775,1.113986421102
10,0.02069997,0.00406289375330978,0.8963767,1.00177706561819,1.107818,1.113986421102
10,0.02079997,0.00412383748100227,0.8963767,1.00177706561819,1.108862,1.113986421102
10,0.02089997,0.00418856950851001,0.8963767,1.00177706561819,1.109905,1.113986421102
10,0.02099997,0.00425691679541965,0.8963767,1.00177706561819,1.110949,1.113986421102
10,0.02109997,0.00432868185739553,0.8963767,1.00177706561819,1.111992,1.113986421102
10,0.02119997,0.00440370821798223,0.8963767,1.00177706561819,1.113036,1.113986421102
10,0.02129997,0.00448180613636699,0.8963767,1.00177706561819,1.114081,1.113986421102
10,0.02139997,0.00456282141054072,0.8963767,1.00177706561819,1.115125,1.113986421102
10,0.02149997,0.00464658180438286,0.8963767,1.00177706561819,1.11617,1.113986421102
10,0.02159997,0.00473294222524172,0.8963767,1.00177706561819,1.117214,1.113986421102
10,0.02169997,0.00482174721681178,0.8963767,1.00177706561819,1.11826,1.113986421102
10,0.02179997,0.00491285648797748,0.8963767,1.00177706561819,1.119305,1.113986421102
10,0.02189997,0.00500614216650506,0.8963767,1.00177706561819,1.12035,1.113986421102
10,0.02199997,0.00510147625029143,0.8963767,1.00177706561819,1.121396,1.113986421102
10,0.02209997,0.00519872222119809,0.8963767,1.00177706561819,1.122442,1.113986421102
10,0.02219997,0.00529778780916937,0.8963767,1.00177706561819,1.123488,1.113986421102
10,0.02229997,0.00539856563816126,0.8963767,1.00177706561819,1.124535,1.113986421102
10,0.02239997,0.00550092621188822,0.8963767,1.00177706561819,1.125581,1.113986421102
10,0.02249997,0.00560481570185114,0.8963767,1.00177706561819,1.126628,1.113986421102
10,0.02259997,0.00571010593834844,0.8963767,1.00177706561819,1.127675,1.113986421102
10,0.02269997,0.00581674482920157,0.8963767,1.00177706561819,1.128722,1.113986421102
10,0.02279997,0.00592462452644653,0.8963767,1.00177706561819,1.12977,1.113986421102
10,0.02289997,0.00603369976731356,0.8963767,1.00177706561819,1.130817,1.113986421102
10,0.02299997,0.00614387607983902,0.8963767,1.00177706561819,1.131865,1.113986421102
10,0.02309997,0.00625511000536105,0.8963767,1.00177706561819,1.132913,1.113986421102
10,0.02319997,0.00636731879937484,0.8963767,1.00177706561819,1.133961,1.113986421102
10,0.02329997,0.0064803957739093,0.8963767,1.00177706561819,1.13501,1.113986421102
11,0.01769998,0.00370182685451821,0.8963767,1.00177706561819,1.094647,1.113986421102
11,0.01779998,0.00370293735564302,0.8963767,1.00177706561819,1.095788,1.113986421102
11,0.01789998,0.00371059678997604,0.8963767,1.00177706561819,1.096928,1.113986421102
11,0.01799998,0.00372474035758079,0.8963767,1.00177706561819,1.098069,1.113986421102
11,0.01809998,0.00374529303190269,0.8963767,1.00177706561819,1.09921,1.113986421102
11,0.01819998,0.00377205012355071,0.8963767,1.00177706561819,1.100352,1.113986421102
11,0.01829998,0.00380500965860302,0.8963767,1.00177706561819,1.101493,1.113986421102
11,0.01839998,0.00384393426580433,0.8963767,1.00177706561819,1.102635,1.113986421102
11,0.01849998,0.0038886304308044,0.8963767,1.00177706561819,1.103777,1.113986421102
11,0.01859998,0.00393888214960736,0.8963767,1.00177706561819,1.10492,1.113986421102
11,0.01869998,0.00399446981219477,0.8963767,1.00177706561819,1.106062,1.113986421102
11,0.01879998,0.00405515447352621,0.8963767,1.00177706561819,1.107205,1.113986421102
11,0.01889998,0.00412069856877549,0.8963767,1.00177706561819,1.108348,1.113986421102
11,0.01899998,0.00419086868375469,0.8963767,1.00177706561819,1.109491,1.113986421102
11,0.01909998,0.00426541448675317,0.8963767,1.00177706561819,1.110635,1.113986421102
11,0.01919997,0.00434409844422311,0.8963767,1.00177706561819,1.111779,1.113986421102
11,0.01929997,0.00442669166539587,0.8963767,1.00177706561819,1.112923,1.113986421102
11,0.01939997,0.00451296058572054,0.8963767,1.00177706561819,1.114067,1.113986421102
11,0.01949997,0.00460269583022162,0.8963767,1.00177706561819,1.115211,1.113986421102
11,0.01959997,0.00469568298895523,0.8963767,1.00177706561819,1.116356,1.113986421102
11,0.01969997,0.00479171171886672,0.8963767,1.00177706561819,1.117501,1.113986421102
11,0.01979997,0.00489060899834014,0.8963767,1.00177706561819,1.118646,1.113986421102
11,0.01989997,0.00499218163605907,0.8963767,1.00177706561819,1.119791,1.113986421102
11,0.01999997,0.00509625735926097,0.8963767,1.00177706561819,1.120937,1.113986421102
11,0.02009997,0.00520268476143194,0.8963767,1.00177706561819,1.122083,1.113986421102
11,0.02019997,0.00531130395823483,0.8963767,1.00177706561819,1.123229,1.113986421102
11,0.02029997,0.00542197909397203,0.8963767,1.00177706561819,1.124375,1.113986421102
11,0.02039997,0.00553456587183486,0.8963767,1.00177706561819,1.125522,1.113986421102
11,0.02049997,0.00564895731481447,0.8963767,1.00177706561819,1.126668,1.113986421102
11,0.02059997,0.00576502609599245,0.8963767,1.00177706561819,1.127815,1.113986421102
11,0.02069997,0.00588266639977853,0.8963767,1.00177706561819,1.128963,1.113986421102
11,0.02079997,0.00600177466620324,0.8963767,1.00177706561819,1.13011,1.113986421102
11,0.02089997,0.00612225668052128,0.8963767,1.00177706561819,1.131258,1.113986421102
11,0.02099997,0.00624402736681681,0.8963767,1.00177706561819,1.132406,1.113986421102
11,0.02109997,0.00636700435269387,0.8963767,1.00177706561819,1.133554,1.113986421102
11,0.02119997,0.00649110544473937,0.8963767,1.00177706561819,1.134702,1.113986421102
12,0.01629998,0.00371263966687259,0.8963767,1.00177706561819,1.09528,1.113986421102
12,0.01639998,0.00371936405799242,0.8963767,1.00177706561819,1.096521,1.113986421102
12,0.01649998,0.0037337850318991,0.8963767,1.00177706561819,1.097762,1.113986421102
12,0.01659998,0.00375580636113452,0.8963767,1.00177706561819,1.099003,1.113986421102
12,0.01669998,0.00378525787692964,0.8963767,1.00177706561819,1.100244,1.113986421102
12,0.01679998,0.0038219658615072,0.8963767,1.00177706561819,1.101485,1.113986421102
12,0.01689998,0.0038656868872039,0.8963767,1.00177706561819,1.102728,1.113986421102
12,0.01699998,0.00391618885016375,0.8963767,1.00177706561819,1.10397,1.113986421102
12,0.01709998,0.00397316698077414,0.8963767,1.00177706561819,1.105212,1.113986421102
12,0.01719998,0.00403635821632748,0.8963767,1.00177706561819,1.106455,1.113986421102
12,0.01729998,0.00410542955982403,0.8963767,1.00177706561819,1.107697,1.113986421102
12,0.01739998,0.00418009067513554,0.8963767,1.00177706561819,1.108941,1.113986421102
12,0.01749998,0.0042600259311941,0.8963767,1.00177706561819,1.110184,1.113986421102
12,0.01759998,0.00434492706188131,0.8963767,1.00177706561819,1.111428,1.113986421102
12,0.01769998,0.00443449679098135,0.8963767,1.00177706561819,1.112672,1.113986421102
12,0.01779998,0.00452842590425373,0.8963767,1.00177706561819,1.113916,1.113986421102
12,0.01789998,0.00462645878756728,0.8963767,1.00177706561819,1.11516,1.113986421102
12,0.01799998,0.00472829841901767,0.8963767,1.00177706561819,1.116405,1.113986421102
12,0.01809998,0.00483370749520067,0.8963767,1.00177706561819,1.11765,1.113986421102
12,0.01819998,0.00494235037480045,0.8963767,1.00177706561819,1.118895,1.113986421102
12,0.01829998,0.00505417570316602,0.8963767,1.00177706561819,1.12014,1.113986421102
12,0.01839998,0.00516887612008545,0.8963767,1.00177706561819,1.121386,1.113986421102
12,0.01849998,0.00528625612747281,0.8963767,1.00177706561819,1.122632,1.113986421102
12,0.01859998,0.00540612209940591,0.8963767,1.00177706561819,1.123878,1.113986421102
12,0.01869998,0.00552830873248788,0.8963767,1.00177706561819,1.125125,1.113986421102
12,0.01879998,0.00565263407332619,0.8963767,1.00177706561819,1.126371,1.113986421102
12,0.01889998,0.00577897620304327,0.8963767,1.00177706561819,1.127618,1.113986421102
12,0.01899998,0.00590717582349567,0.8963767,1.00177706561819,1.128865,1.113986421102
12,0.01909998,0.00603709804111003,0.8963767,1.00177706561819,1.130113,1.113986421102
12,0.01919997,0.00616863726999473,0.8963767,1.00177706561819,1.131361,1.113986421102
12,0.01929997,0.00630167384976678,0.8963767,1.00177706561819,1.132608,1.113986421102
12,0.01939997,0.00643610920979531,0.8963767,1.00177706561819,1.133857,1.113986421102
12,0.01949997,0.00657183260388773,0.8963767,1.00177706561819,1.135105,1.113986421102
13,0.01499998,0.00372133161069386,0.8963767,1.00177706561819,1.094408,1.113986421102
13,0.01509998,0.00372418332320805,0.8963767,1.00177706561819,1.095749,1.113986421102
13,0.01519998,0.00373607502111545,0.8963767,1.00177706561819,1.097089,1.113986421102
13,0.01529998,0.00375690622617017,0.8963767,1.00177706561819,1.09843,1.113986421102
13,0.01539998,0.00378648774691619,0.8963767,1.00177706561819,1.099771,1.113986421102
13,0.01549998,0.00382458989326526,0.8963767,1.00177706561819,1.101113,1.113986421102
13,0.01559998,0.00387095503198002,0.8963767,1.00177706561819,1.102455,1.113986421102
13,0.01569998,0.00392524990229913,0.8963767,1.00177706561819,1.103797,1.113986421102
13,0.01579998,0.00398713483208366,0.8963767,1.00177706561819,1.105139,1.113986421102
13,0.01589998,0.004056231725243,0.8963767,1.00177706561819,1.106482,1.113986421102
13,0.01599998,0.00413216383574464,0.8963767,1.00177706561819,1.107825,1.113986421102
13,0.01609998,0.00421453106926719,0.8963767,1.00177706561819,1.109168,1.113986421102
13,0.01619998,0.0043029520891812,0.8963767,1.00177706561819,1.110512,1.113986421102
13,0.01629998,0.00439703962825556,0.8963767,1.00177706561819,1.111855,1.113986421102
13,0.01639998,0.00449641670906982,0.8963767,1.00177706561819,1.113199,1.113986421102
13,0.01649998,0.00460070462101661,0.8963767,1.00177706561819,1.114544,1.113986421102
13,0.01659998,0.00470957410119093,0.8963767,1.00177706561819,1.115888,1.113986421102
13,0.01669998,0.00482269796819496,0.8963767,1.00177706561819,1.117233,1.113986421102
13,0.01679998,0.00493976290269438,0.8963767,1.00177706561819,1.118578,1.113986421102
13,0.01689998,0.00506046367756253,0.8963767,1.00177706561819,1.119923,1.113986421102
13,0.01699998,0.00518454664662326,0.8963767,1.00177706561819,1.121269,1.113986421102
13,0.01709998,0.00531174695063505,0.8963767,1.00177706561819,1.122615,1.113986421102
13,0.01719998,0.00544182822859007,0.8963767,1.00177706561819,1.123961,1.113986421102
13,0.01729998,0.00557459214911792,0.8963767,1.00177706561819,1.125308,1.113986421102
13,0.01739998,0.00570980566346899,0.8963767,1.00177706561819,1.126654,1.113986421102
13,0.01749998,0.00584729945578964,0.8963767,1.00177706561819,1.128001,1.113986421102
13,0.01759998,0.00598691017017547,0.8963767,1.00177706561819,1.129349,1.113986421102
13,0.01769998,0.00612846513619402,0.8963767,1.00177706561819,1.130696,1.113986421102
13,0.01779998,0.00627182087011075,0.8963767,1.00177706561819,1.132044,1.113986421102
13,0.01789998,0.00641684693545211,0.8963767,1.00177706561819,1.133392,1.113986421102
13,0.01799998,0.00656342013840799,0.8963767,1.00177706561819,1.13474,1.113986421102
14,0.01399998,0.00373024059188668,0.8963767,1.00177706561819,1.095222,1.113986421102
14,0.01409998,0.00374063136006874,0.8963767,1.00177706561819,1.096662,1.113986421102
14,0.01419998,0.00376136979703402,0.8963767,1.00177706561819,1.098103,1.113986421102
14,0.01429998,0.00379225638341134,0.8963767,1.00177706561819,1.099545,1.113986421102
14,0.01439998,0.00383301451799521,0.8963767,1.00177706561819,1.100986,1.113986421102
14,0.01449998,0.00388329951404415,0.8963767,1.00177706561819,1.102428,1.113986421102
14,0.01459998,0.00394272620760461,0.8963767,1.00177706561819,1.10387,1.113986421102
14,0.01469998,0.00401084521486652,0.8963767,1.00177706561819,1.105312,1.113986421102
14,0.01479998,0.00408720313252457,0.8963767,1.00177706561819,1.106755,1.113986421102
14,0.01489998,0.00417132418171111,0.8963767,1.00177706561819,1.108198,1.113986421102
14,0.01499998,0.00426270668839494,0.8963767,1.00177706561819,1.109641,1.113986421102
14,0.01509998,0.00436087563894013,0.8963767,1.00177706561819,1.111085,1.113986421102
14,0.01519998,0.00446535201538623,0.8963767,1.00177706561819,1.112529,1.113986421102
14,0.01529998,0.00457568881789372,0.8963767,1.00177706561819,1.113973,1.113986421102
14,0.01539998,0.00469143981344869,0.8963767,1.00177706561819,1.115417,1.113986421102
14,0.01549998,0.00481219266943627,0.8963767,1.00177706561819,1.116862,1.113986421102
14,0.01559998,0.00493755495457931,0.8963767,1.00177706561819,1.118307,1.113986421102
14,0.01569998,0.00506716791834362,0.8963767,1.00177706561819,1.119753,1.113986421102
14,0.01579998,0.00520068403879983,0.8963767,1.00177706561819,1.121198,1.113986421102
14,0.01589998,0.00533779492770733,0.8963767,1.00177706561819,1.122644,1.113986421102
14,0.01599998,0.00547820854805048,0.8963767,1.00177706561819,1.12409,1.113986421102
14,0.01609998,0.00562165412165299,0.8963767,1.00177706561819,1.125537,1.113986421102
14,0.01619998,0.00576789013275805,0.8963767,1.00177706561819,1.126984,1.113986421102
14,0.01629998,0.00591668951395024,0.8963767,1.00177706561819,1.12843,1.113986421102
14,0.01639998,0.00606784859018345,0.8963767,1.00177706561819,1.129878,1.113986421102
14,0.01649998,0.0062211656978052,0.8963767,1.00177706561819,1.131325,1.113986421102
14,0.01659998,0.00637648125158675,0.8963767,1.00177706561819,1.132774,1.113986421102
14,0.01669998,0.00653363047859136,0.8963767,1.00177706561819,1.134222,1.113986421102
14,0.01679998,0.00669247269227308,0.8963767,1.00177706561819,1.13567,1.113986421102
15,0.01309999,0.00373924355047399,0.8963767,1.00177706561819,1.095547,1.113986421102
15,0.01319999,0.00375413070455616,0.8963767,1.00177706561819,1.097088,1.113986421102
15,0.01329998,0.0037808791512987,0.8963767,1.00177706561819,1.098629,1.113986421102
15,0.01339998,0.00381910806363688,0.8963767,1.00177706561819,1.10017,1.113986421102
15,0.01349998,0.00386843201949197,0.8963767,1.00177706561819,1.101712,1.113986421102
15,0.01359998,0.00392840269591556,0.8963767,1.00177706561819,1.103254,1.113986421102
15,0.01369998,0.00399850776996567,0.8963767,1.00177706561819,1.104796,1.113986421102
15,0.01379998,0.00407817969569845,0.8963767,1.00177706561819,1.106339,1.113986421102
15,0.01389998,0.00416683738272083,0.8963767,1.00177706561819,1.107882,1.113986421102
15,0.01399998,0.00426389374916857,0.8963767,1.00177706561819,1.109425,1.113986421102
15,0.01409998,0.00436874284589844,0.8963767,1.00177706561819,1.110968,1.113986421102
15,0.01419998,0.00448082240478184,0.8963767,1.00177706561819,1.112512,1.113986421102
15,0.01429998,0.00459955814038103,0.8963767,1.00177706561819,1.114057,1.113986421102
15,0.01439998,0.00472442089679896,0.8963767,1.00177706561819,1.115601,1.113986421102
15,0.01449998,0.00485491820365803,0.8963767,1.00177706561819,1.117146,1.113986421102
15,0.01459998,0.00499056907350728,0.8963767,1.00177706561819,1.118691,1.113986421102
15,0.01469998,0.00513094426581298,0.8963767,1.00177706561819,1.120236,1.113986421102
15,0.01479998,0.00527563593220685,0.8963767,1.00177706561819,1.121782,1.113986421102
15,0.01489998,0.00542427699998576,0.8963767,1.00177706561819,1.123328,1.113986421102
15,0.01499998,0.00557652094799122,0.8963767,1.00177706561819,1.124874,1.113986421102
15,0.01509998,0.00573206229549495,0.8963767,1.00177706561819,1.126421,1.113986421102
15,0.01519998,0.00589060750053265,0.8963767,1.00177706561819,1.127968,1.113986421102
15,0.01529998,0.00605191229761937,0.8963767,1.00177706561819,1.129516,1.113986421102
15,0.01539998,0.00621572405871591,0.8963767,1.00177706561819,1.131063,1.113986421102
15,0.01549998,0.00638183615838194,0.8963767,1.00177706561819,1.132611,1.113986421102
15,0.01559998,0.00655005618547981,0.8963767,1.00177706561819,1.134159,1.113986421102
15,0.01569998,0.00672020515410872,0.8963767,1.00177706561819,1.135708,1.113986421102
16,0.01229999,0.00374684019790163,0.8963767,1.00177706561819,1.09569,1.113986421102
16,0.01239999,0.00376528378312358,0.8963767,1.00177706561819,1.09733,1.113986421102
16,0.01249999,0.00379700591208231,0.8963767,1.00177706561819,1.098972,1.113986421102
16,0.01259999,0.0038416386520119,0.8963767,1.00177706561819,1.100613,1.113986421102
16,0.01269999,0.00389868391379633,0.8963767,1.00177706561819,1.102255,1.113986421102
16,0.01279999,0.00396756717922384,0.8963767,1.00177706561819,1.103897,1.113986421102
16,0.01289999,0.00404764243329886,0.8963767,1.00177706561819,1.105539,1.113986421102
16,0.01299999,0.00413821630487304,0.8963767,1.00177706561819,1.107182,1.113986421102
16,0.01309999,0.00423856795538126,0.8963767,1.00177706561819,1.108825,1.113986421102
16,0.01319999,0.00434786468079626,0.8963767,1.00177706561819,1.110469,1.113986421102
16,0.01329998,0.00446564044518314,0.8963767,1.00177706561819,1.112112,1.113986421102
16,0.01339998,0.00459109404652979,0.8963767,1.00177706561819,1.113757,1.113986421102
16,0.01349998,0.00472357862619385,0.8963767,1.00177706561819,1.115401,1.113986421102
16,0.01359998,0.0048624825506431,0.8963767,1.00177706561819,1.117046,1.113986421102
16,0.01369998,0.00500723984487411,0.8963767,1.00177706561819,1.118691,1.113986421102
16,0.01379998,0.0051573227987877,0.8963767,1.00177706561819,1.120336,1.113986421102
16,0.01389998,0.00531224363093897,0.8963767,1.00177706561819,1.121982,1.113986421102
16,0.01399998,0.00547157044643097,0.8963767,1.00177706561819,1.123628,1.113986421102
16,0.01409998,0.0056348909563484,0.8963767,1.00177706561819,1.125275,1.113986421102
16,0.01419998,0.00580183954151736,0.8963767,1.00177706561819,1.126921,1.113986421102
16,0.01429998,0.005972088282303,0.8963767,1.00177706561819,1.128569,1.113986421102
16,0.01439998,0.00614533210376656,0.8963767,1.00177706561819,1.130216,1.113986421102
16,0.01449998,0.00632129515503627,0.8963767,1.00177706561819,1.131864,1.113986421102
16,0.01459998,0.00649973337273645,0.8963767,1.00177706561819,1.133512,1.113986421102
16,0.01469998,0.0066804348383268,0.8963767,1.00177706561819,1.13516,1.113986421102
17,0.01149999,0.00374706249391113,0.8963767,1.00177706561819,1.094213,1.113986421102
17,0.01159999,0.00375500884142102,0.8963767,1.00177706561819,1.095953,1.113986421102
17,0.01169999,0.00377814049861833,0.8963767,1.00177706561819,1.097694,1.113986421102
17,0.01179999,0.00381612182213299,0.8963767,1.00177706561819,1.099435,1.113986421102
17,0.01189999,0.0038684609858942,0.8963767,1.00177706561819,1.101177,1.113986421102
17,0.01199999,0.00393452604740194,0.8963767,1.00177706561819,1.102919,1.113986421102
17,0.01209999,0.00401359752564347,0.8963767,1.00177706561819,1.104661,1.113986421102
17,0.01219999,0.00410485522560351,0.8963767,1.00177706561819,1.106404,1.113986421102
17,0.01229999,0.00420747779152769,0.8963767,1.00177706561819,1.108147,1.113986421102
17,0.01239999,0.00432059256939595,0.8963767,1.00177706561819,1.10989,1.113986421102
17,0.01249999,0.00444334981539702,0.8963767,1.00177706561819,1.111634,1.113986421102
17,0.01259999,0.00457493181993105,0.8963767,1.00177706561819,1.113378,1.113986421102
17,0.01269999,0.00471455225684094,0.8963767,1.00177706561819,1.115122,1.113986421102
17,0.01279999,0.00486148470593538,0.8963767,1.00177706561819,1.116867,1.113986421102
17,0.01289999,0.00501503914611715,0.8963767,1.00177706561819,1.118612,1.113986421102
17,0.01299999,0.005174580183871,0.8963767,1.00177706561819,1.120358,1.113986421102
17,0.01309999,0.00533954699951514,0.8963767,1.00177706561819,1.122103,1.113986421102
17,0.01319999,0.00550928034738909,0.8963767,1.00177706561819,1.123849,1.113986421102
17,0.01329998,0.00568356338763921,0.8963767,1.00177706561819,1.125596,1.113986421102
17,0.01339998,0.00586182698828532,0.8963767,1.00177706561819,1.127343,1.113986421102
17,0.01349998,0.00604370141902798,0.8963767,1.00177706561819,1.12909,1.113986421102
17,0.01359998,0.00622882655547633,0.8963767,1.00177706561819,1.130838,1.113986421102
17,0.01369998,0.00641690450058057,0.8963767,1.00177706561819,1.132586,1.113986421102
17,0.01379998,0.00660763661917092,0.8963767,1.00177706561819,1.134334,1.113986421102
18,0.01089999,0.00375302500214875,0.8963767,1.00177706561819,1.094801,1.113986421102
18,0.01099999,0.00376813960702238,0.8963767,1.00177706561819,1.096641,1.113986421102
18,0.01109999,0.00380009565943902,0.8963767,1.00177706561819,1.098482,1.113986421102
18,0.01119999,0.00384840168816835,0.8963767,1.00177706561819,1.100324,1.113986421102
18,0.01129999,0.00391239725126242,0.8963767,1.00177706561819,1.102166,1.113986421102
18,0.01139999,0.00399126479781662,0.8963767,1.00177706561819,1.104008,1.113986421102
18,0.01149999,0.00408406652252701,0.8963767,1.00177706561819,1.10585,1.113986421102
18,0.01159999,0.00418983268942137,0.8963767,1.00177706561819,1.107693,1.113986421102
18,0.01169999,0.00430753558726362,0.8963767,1.00177706561819,1.109537,1.113986421102
18,0.01179999,0.00443618386746604,0.8963767,1.00177706561819,1.11138,1.113986421102
18,0.01189999,0.00457478329759348,0.8963767,1.00177706561819,1.113224,1.113986421102
18,0.01199999,0.00472241786230366,0.8963767,1.00177706561819,1.115068,1.113986421102
18,0.01209999,0.00487821019250015,0.8963767,1.00177706561819,1.116913,1.113986421102
18,0.01219999,0.00504136450335284,0.8963767,1.00177706561819,1.118758,1.113986421102
18,0.01229999,0.0052111334223407,0.8963767,1.00177706561819,1.120604,1.113986421102
18,0.01239999,0.00538684765636683,0.8963767,1.00177706561819,1.12245,1.113986421102
18,0.01249999,0.00556790381479303,0.8963767,1.00177706561819,1.124296,1.113986421102
18,0.01259999,0.00575375180811211,0.8963767,1.00177706561819,1.126143,1.113986421102
18,0.01269999,0.00594390424664409,0.8963767,1.00177706561819,1.12799,1.113986421102
18,0.01279999,0.00613791775952201,0.8963767,1.00177706561819,1.129837,1.113986421102
18,0.01289999,0.00633540845454141,0.8963767,1.00177706561819,1.131685,1.113986421102
18,0.01299999,0.00653602473843707,0.8963767,1.00177706561819,1.133533,1.113986421102
18,0.01309999,0.0067394419719423,0.8963767,1.00177706561819,1.135381,1.113986421102
19,0.01039999,0.00376709466731135,0.8963767,1.00177706561819,1.096116,1.113986421102
19,0.01049999,0.003796981200924,0.8963767,1.00177706561819,1.098057,1.113986421102
19,0.01059999,0.00384517866770212,0.8963767,1.00177706561819,1.099998,1.113986421102
19,0.01069999,0.00391091662948252,0.8963767,1.00177706561819,1.10194,1.113986421102
19,0.01079999,0.00399327692883282,0.8963767,1.00177706561819,1.103882,1.113986421102
19,0.01089999,0.00409115960746877,0.8963767,1.00177706561819,1.105824,1.113986421102
19,0.01099999,0.00420342902711756,0.8963767,1.00177706561819,1.107767,1.113986421102
19,0.01109999,0.00432888908832679,0.8963767,1.00177706561819,1.10971,1.113986421102
19,0.01119999,0.00446636076003074,0.8963767,1.00177706561819,1.111654,1.113986421102
19,0.01129999,0.00461470750332185,0.8963767,1.00177706561819,1.113598,1.113986421102
19,0.01139999,0.00477285924591224,0.8963767,1.00177706561819,1.115543,1.113986421102
19,0.01149999,0.00493980845009559,0.8963767,1.00177706561819,1.117488,1.113986421102
19,0.01159999,0.00511464939365346,0.8963767,1.00177706561819,1.119433,1.113986421102
19,0.01169999,0.00529653137920555,0.8963767,1.00177706561819,1.121379,1.113986421102
19,0.01179999,0.0054847133802757,0.8963767,1.00177706561819,1.123325,1.113986421102
19,0.01189999,0.0056785130145931,0.8963767,1.00177706561819,1.125271,1.113986421102
19,0.01199999,0.00587732694860533,0.8963767,1.00177706561819,1.127218,1.113986421102
19,0.01209999,0.00608061214312779,0.8963767,1.00177706561819,1.129165,1.113986421102
19,0.01219999,0.00628790551484265,0.8963767,1.00177706561819,1.131113,1.113986421102
19,0.01229999,0.00649876686716821,0.8963767,1.00177706561819,1.133061,1.113986421102
19,0.01239999,0.00671281903585921,0.8963767,1.00177706561819,1.135009,1.113986421102
20,0.009799991,0.00376023442365209,0.8963767,1.00177706561819,1.094378,1.113986421102
20,0.009899991,0.00377518038623347,0.8963767,1.00177706561819,1.096419,1.113986421102
20,0.00999999,0.00381086210205226,0.8963767,1.00177706561819,1.09846,1.113986421102
20,0.01009999,0.0038666048113923,0.8963767,1.00177706561819,1.100501,1.113986421102
20,0.01019999,0.00394148002124847,0.8963767,1.00177706561819,1.102543,1.113986421102
20,0.01029999,0.0040343201292862,0.8963767,1.00177706561819,1.104586,1.113986421102
20,0.01039999,0.0041438444342236,0.8963767,1.00177706561819,1.106628,1.113986421102
20,0.01049999,0.00426867548106423,0.8963767,1.00177706561819,1.108671,1.113986421102
20,0.01059999,0.00440745953838603,0.8963767,1.00177706561819,1.110715,1.113986421102
20,0.01069999,0.00455882101350817,0.8963767,1.00177706561819,1.112759,1.113986421102
20,0.01079999,0.00472149502529338,0.8963767,1.00177706561819,1.114803,1.113986421102
20,0.01089999,0.00489427717664744,0.8963767,1.00177706561819,1.116848,1.113986421102
20,0.01099999,0.00507606855286547,0.8963767,1.00177706561819,1.118893,1.113986421102
20,0.01109999,0.00526586836002179,0.8963767,1.00177706561819,1.120939,1.113986421102
20,0.01119999,0.00546279126202385,0.8963767,1.00177706561819,1.122985,1.113986421102
20,0.01129999,0.00566603097227659,0.8963767,1.00177706561819,1.125031,1.113986421102
20,0.01139999,0.0058748719878557,0.8963767,1.00177706561819,1.127078,1.113986421102
20,0.01149999,0.00608869243197783,0.8963767,1.00177706561819,1.129125,1.113986421102
20,0.01159999,0.0063069222859074,0.8963767,1.00177706561819,1.131173,1.113986421102
20,0.01169999,0.00652907456648216,0.8963767,1.00177706561819,1.133221,1.113986421102
20,0.01179999,0.00675472674102764,0.8963767,1.00177706561819,1.135269,1.113986421102
21,0.009399991,0.0037716439772258,0.8963767,1.00177706561819,1.095712,1.113986421102
21,0.009499991,0.00380279819978757,0.8963767,1.00177706561819,1.097853,1.113986421102
21,0.009599991,0.00385627053959792,0.8963767,1.00177706561819,1.099994,1.113986421102
21,0.009699991,0.00393104297329273,0.8963767,1.00177706561819,1.102136,1.113986421102
21,0.009799991,0.00402581799592976,0.8963767,1.00177706561819,1.104278,1.113986421102
21,0.009899991,0.00413913087951207,0.8963767,1.00177706561819,1.106421,1.113986421102
21,0.00999999,0.00426941729802713,0.8963767,1.00177706561819,1.108564,1.113986421102
21,0.01009999,0.00441507209009919,0.8963767,1.00177706561819,1.110708,1.113986421102
21,0.01019999,0.00457455009780849,0.8963767,1.00177706561819,1.112852,1.113986421102
21,0.01029999,0.00474637191556001,0.8963767,1.00177706561819,1.114996,1.113986421102
21,0.01039999,0.00492916730001439,0.8963767,1.00177706561819,1.117141,1.113986421102
21,0.01049999,0.00512168995084326,0.8963767,1.00177706561819,1.119286,1.113986421102
21,0.01059999,0.00532280102523875,0.8963767,1.00177706561819,1.121432,1.113986421102
21,0.01069999,0.00553150002799878,0.8963767,1.00177706561819,1.123578,1.113986421102
21,0.01079999,0.00574689519736443,0.8963767,1.00177706561819,1.125724,1.113986421102
21,0.01089999,0.00596818958629677,0.8963767,1.00177706561819,1.127872,1.113986421102
21,0.01099999,0.00619470187972661,0.8963767,1.00177706561819,1.130019,1.113986421102
21,0.01109999,0.0064258115521213,0.8963767,1.00177706561819,1.132167,1.113986421102
21,0.01119999,0.00666098996468098,0.8963767,1.00177706561819,1.134315,1.113986421102
22,0.008999992,0.00378098900273789,0.8963767,1.00177706561819,1.096237,1.113986421102
22,0.009099992,0.00382059438843744,0.8963767,1.00177706561819,1.098478,1.113986421102
22,0.009199992,0.00388433619683138,0.8963767,1.00177706561819,1.10072,1.113986421102
22,0.009299992,0.00397092475189266,0.8963767,1.00177706561819,1.102962,1.113986421102
22,0.009399991,0.00407880333071462,0.8963767,1.00177706561819,1.105204,1.113986421102
22,0.009499991,0.00420620927729499,0.8963767,1.00177706561819,1.107447,1.113986421102
22,0.009599991,0.00435133672851841,0.8963767,1.00177706561819,1.10969,1.113986421102
22,0.009699991,0.00451236053180141,0.8963767,1.00177706561819,1.111934,1.113986421102
22,0.009799991,0.004687552081899,0.8963767,1.00177706561819,1.114179,1.113986421102
22,0.009899991,0.00487528841502976,0.8963767,1.00177706561819,1.116423,1.113986421102
22,0.00999999,0.00507410636089178,0.8963767,1.00177706561819,1.118668,1.113986421102
22,0.01009999,0.00528263842234524,0.8963767,1.00177706561819,1.120914,1.113986421102
22,0.01019999,0.00549971947671941,0.8963767,1.00177706561819,1.12316,1.113986421102
22,0.01029999,0.0057242998354058,0.8963767,1.00177706561819,1.125407,1.113986421102
22,0.01039999,0.00595544668545258,0.8963767,1.00177706561819,1.127653,1.113986421102
22,0.01049999,0.00619236051871007,0.8963767,1.00177706561819,1.129901,1.113986421102
22,0.01059999,0.00643433960184928,0.8963767,1.00177706561819,1.132149,1.113986421102
22,0.01069999,0.00668076176829602,0.8963767,1.00177706561819,1.134397,1.113986421102
23,0.008599993,0.00378119096138088,0.8963767,1.00177706561819,1.095955,1.113986421102
23,0.008699993,0.00382049233198788,0.8963767,1.00177706561819,1.098296,1.113986421102
23,0.008799993,0.00388620527109682,0.8963767,1.00177706561819,1.100637,1.113986421102
23,0.008899992,0.00397687290939334,0.8963767,1.00177706561819,1.102979,1.113986421102
23,0.008999992,0.00409071497950838,0.8963767,1.00177706561819,1.105322,1.113986421102
23,0.009099992,0.00422574219163928,0.8963767,1.00177706561819,1.107665,1.113986421102
23,0.009199992,0.00437985648784892,0.8963767,1.00177706561819,1.110008,1.113986421102
23,0.009299992,0.00455102216664124,0.8963767,1.00177706561819,1.112352,1.113986421102
23,0.009399991,0.00473726570090006,0.8963767,1.00177706561819,1.114696,1.113986421102
23,0.009499991,0.00493678034670433,0.8963767,1.00177706561819,1.117041,1.113986421102
23,0.009599991,0.00514793162970532,0.8963767,1.00177706561819,1.119386,1.113986421102
23,0.009699991,0.00536924413736612,0.8963767,1.00177706561819,1.121732,1.113986421102
23,0.009799991,0.00559942037582054,0.8963767,1.00177706561819,1.124079,1.113986421102
23,0.009899991,0.00583733399738069,0.8963767,1.00177706561819,1.126425,1.113986421102
23,0.00999999,0.00608198372208755,0.8963767,1.00177706561819,1.128772,1.113986421102
23,0.01009999,0.00633251730208549,0.8963767,1.00177706561819,1.13112,1.113986421102
23,0.01019999,0.00658818885419969,0.8963767,1.00177706561819,1.133468,1.113986421102
24,0.008199994,0.00377508879317178,0.8963767,1.00177706561819,1.094866,1.113986421102
24,0.008299993,0.00380407220694896,0.8963767,1.00177706561819,1.097306,1.113986421102
24,0.008399993,0.00386226459599325,0.8963767,1.00177706561819,1.099748,1.113986421102
24,0.008499993,0.00394822008675395,0.8963767,1.00177706561819,1.10219,1.113986421102
24,0.008599993,0.00406001194941101,0.8963767,1.00177706561819,1.104632,1.113986421102
24,0.008699993,0.00419545530804259,0.8963767,1.00177706561819,1.107075,1.113986421102
24,0.008799993,0.0043521850913659,0.8963767,1.00177706561819,1.109518,1.113986421102
24,0.008899992,0.00452786723850718,0.8963767,1.00177706561819,1.111962,1.113986421102
24,0.008999992,0.00472026559877875,0.8963767,1.00177706561819,1.114406,1.113986421102
24,0.009099992,0.00492729371812806,0.8963767,1.00177706561819,1.116851,1.113986421102
24,0.009199992,0.00514707282276582,0.8963767,1.00177706561819,1.119296,1.113986421102
24,0.009299992,0.00537793843248436,0.8963767,1.00177706561819,1.121742,1.113986421102
24,0.009399991,0.00561842073160653,0.8963767,1.00177706561819,1.124189,1.113986421102
24,0.009499991,0.00586723733080286,0.8963767,1.00177706561819,1.126635,1.113986421102
24,0.009599991,0.00612327419446004,0.8963767,1.00177706561819,1.129083,1.113986421102
24,0.009699991,0.00638557526992988,0.8963767,1.00177706561819,1.13153,1.113986421102
24,0.009799991,0.00665332345691933,0.8963767,1.00177706561819,1.133978,1.113986421102
25,0.007899994,0.00378283058973102,0.8963767,1.00177706561819,1.095512,1.113986421102
25,0.007999994,0.0038223504078156,0.8963767,1.00177706561819,1.098053,1.113986421102
25,0.008099994,0.00389308142744535,0.8963767,1.00177706561819,1.100594,1.113986421102
25,0.008199994,0.00399300979751692,0.8963767,1.00177706561819,1.103136,1.113986421102
25,0.008299993,0.00412018021863038,0.8963767,1.00177706561819,1.105679,1.113986421102
25,0.008399993,0.00427185532503645,0.8963767,1.00177706561819,1.108222,1.113986421102
25,0.008499993,0.00444535821057127,0.8963767,1.00177706561819,1.110765,1.113986421102
25,0.008599993,0.00463810487458621,0.8963767,1.00177706561819,1.113309,1.113986421102
25,0.008699993,0.00484765824884431,0.8963767,1.00177706561819,1.115854,1.113986421102
25,0.008799993,0.00507181914206418,0.8963767,1.00177706561819,1.118399,1.113986421102
25,0.008899992,0.00530859163900304,0.8963767,1.00177706561819,1.120945,1.113986421102
25,0.008999992,0.00555625347901115,0.8963767,1.00177706561819,1.123491,1.113986421102
25,0.009099992,0.00581330957865771,0.8963767,1.00177706561819,1.126038,1.113986421102
25,0.009199992,0.00607845693408707,0.8963767,1.00177706561819,1.128585,1.113986421102
25,0.009299992,0.006350574450086,0.8963767,1.00177706561819,1.131132,1.113986421102
25,0.009399991,0.00662871005582221,0.8963767,1.00177706561819,1.133681,1.113986421102
26,0.007599995,0.0037858314841851,0.8963767,1.00177706561819,1.095552,1.113986421102
26,0.007699994,0.00382862643897331,0.8963767,1.00177706561819,1.098193,1.113986421102
26,0.007799994,0.00390500526509423,0.8963767,1.00177706561819,1.100835,1.113986421102
26,0.007899994,0.00401287202526388,0.8963767,1.00177706561819,1.103477,1.113986421102
26,0.007999994,0.00414959395611485,0.8963767,1.00177706561819,1.10612,1.113986421102
26,0.008099994,0.0043122248361481,0.8963767,1.00177706561819,1.108763,1.113986421102
26,0.008199994,0.00449762004919197,0.8963767,1.00177706561819,1.111406,1.113986421102
26,0.008299993,0.00470326808125635,0.8963767,1.00177706561819,1.114051,1.113986421102
26,0.008399993,0.0049263189435465,0.8963767,1.00177706561819,1.116696,1.113986421102
26,0.008499993,0.00516438259152662,0.8963767,1.00177706561819,1.119341,1.113986421102
26,0.008599993,0.00541533187462846,0.8963767,1.00177706561819,1.121987,1.113986421102
26,0.008699993,0.00567733040948421,0.8963767,1.00177706561819,1.124633,1.113986421102
26,0.008799993,0.0059487969362335,0.8963767,1.00177706561819,1.12728,1.113986421102
26,0.008899992,0.00622837895824659,0.8963767,1.00177706561819,1.129928,1.113986421102
26,0.008999992,0.00651491501377046,0.8963767,1.00177706561819,1.132576,1.113986421102
26,0.009099992,0.00680743163930124,0.8963767,1.00177706561819,1.135224,1.113986421102
27,0.007299995,0.00378352676660255,0.8963767,1.00177706561819,1.094988,1.113986421102
27,0.007399995,0.00382147459472608,0.8963767,1.00177706561819,1.097729,1.113986421102
27,0.007499995,0.00389589905802394,0.8963767,1.00177706561819,1.100471,1.113986421102
27,0.007599995,0.00400456157012043,0.8963767,1.00177706561819,1.103213,1.113986421102
27,0.007699994,0.0041445568104757,0.8963767,1.00177706561819,1.105955,1.113986421102
27,0.007799994,0.0043126418614612,0.8963767,1.00177706561819,1.108698,1.113986421102
27,0.007899994,0.00450548047805153,0.8963767,1.00177706561819,1.111442,1.113986421102
27,0.007999994,0.00471985899262877,0.8963767,1.00177706561819,1.114187,1.113986421102
27,0.008099994,0.00495281185688516,0.8963767,1.00177706561819,1.116931,1.113986421102
27,0.008199994,0.00520148987811454,0.8963767,1.00177706561819,1.119677,1.113986421102
27,0.008299993,0.00546395582916381,0.8963767,1.00177706561819,1.122423,1.113986421102
27,0.008399993,0.00573800797623541,0.8963767,1.00177706561819,1.125169,1.113986421102
27,0.008499993,0.00602192774002898,0.8963767,1.00177706561819,1.127916,1.113986421102
27,0.008599993,0.00631425630252793,0.8963767,1.00177706561819,1.130664,1.113986421102
27,0.008699993,0.00661375593631954,0.8963767,1.00177706561819,1.133412,1.113986421102
28,0.007099995,0.00380471686706417,0.8963767,1.00177706561819,1.096661,1.113986421102
28,0.007199995,0.003868516560488,0.8963767,1.00177706561819,1.099502,1.113986421102
28,0.007299995,0.00397001774154813,0.8963767,1.00177706561819,1.102344,1.113986421102
28,0.007399995,0.00410618583228912,0.8963767,1.00177706561819,1.105186,1.113986421102
28,0.007499995,0.00427348874550131,0.8963767,1.00177706561819,1.10803,1.113986421102
28,0.007599995,0.0044682082157445,0.8963767,1.00177706561819,1.110873,1.113986421102
28,0.007699994,0.00468673826375646,0.8963767,1.00177706561819,1.113717,1.113986421102
28,0.007799994,0.00492570856281096,0.8963767,1.00177706561819,1.116562,1.113986421102
28,0.007899994,0.00518212301021875,0.8963767,1.00177706561819,1.119408,1.113986421102
28,0.007999994,0.00545334033104295,0.8963767,1.00177706561819,1.122254,1.113986421102
28,0.008099994,0.00573711570985534,0.8963767,1.00177706561819,1.1251,1.113986421102
28,0.008199994,0.00603131517536128,0.8963767,1.00177706561819,1.127947,1.113986421102
28,0.008299993,0.00633471445130477,0.8963767,1.00177706561819,1.130795,1.113986421102
28,0.008399993,0.00664574580808529,0.8963767,1.00177706561819,1.133643,1.113986421102
29,0.006799996,0.00378774328767462,0.8963767,1.00177706561819,1.094989,1.113986421102
29,0.006899996,0.00383090222454267,0.8963767,1.00177706561819,1.09793,1.113986421102
29,0.006999996,0.00391586290994366,0.8963767,1.00177706561819,1.100871,1.113986421102
29,0.007099995,0.00403971568110052,0.8963767,1.00177706561819,1.103814,1.113986421102
29,0.007199995,0.00419876413544121,0.8963767,1.00177706561819,1.106757,1.113986421102
29,0.007299995,0.00438894074915683,0.8963767,1.00177706561819,1.1097,1.113986421102
29,0.007399995,0.00460616834563895,0.8963767,1.00177706561819,1.112644,1.113986421102
29,0.007499995,0.00484658941091102,0.8963767,1.00177706561819,1.115589,1.113986421102
29,0.007599995,0.00510672770755255,0.8963767,1.00177706561819,1.118534,1.113986421102
29,0.007699994,0.00538353524548631,0.8963767,1.00177706561819,1.12148,1.113986421102
29,0.007799994,0.00567439137141074,0.8963767,1.00177706561819,1.124426,1.113986421102
29,0.007899994,0.00597706930559466,0.8963767,1.00177706561819,1.127373,1.113986421102
29,0.007999994,0.0062897104795499,0.8963767,1.00177706561819,1.130321,1.113986421102
29,0.008099994,0.00661075134567434,0.8963767,1.00177706561819,1.133269,1.113986421102
30,0.006599996,0.00379684769266539,0.8963767,1.00177706561819,1.095754,1.113986421102
30,0.006699996,0.00385415370152907,0.8963767,1.00177706561819,1.098796,1.113986421102
30,0.006799996,0.00395531340405285,0.8963767,1.00177706561819,1.101838,1.113986421102
30,0.006899996,0.00409679109591312,0.8963767,1.00177706561819,1.10488,1.113986421102
30,0.006999996,0.00427432033514677,0.8963767,1.00177706561819,1.107923,1.113986421102
30,0.007099995,0.00448333636126311,0.8963767,1.00177706561819,1.110967,1.113986421102
30,0.007199995,0.00471942869870435,0.8963767,1.00177706561819,1.114011,1.113986421102
30,0.007299995,0.00497850833627109,0.8963767,1.00177706561819,1.117056,1.113986421102
30,0.007399995,0.00525696250753795,0.8963767,1.00177706561819,1.120101,1.113986421102
30,0.007499995,0.00555166437804647,0.8963767,1.00177706561819,1.123148,1.113986421102
30,0.007599995,0.00585997757864492,0.8963767,1.00177706561819,1.126194,1.113986421102
30,0.007699994,0.00617968179839812,0.8963767,1.00177706561819,1.129242,1.113986421102
30,0.007799994,0.0065089247333024,0.8963767,1.00177706561819,1.13229,1.113986421102
30,0.007899994,0.00684616860630988,0.8963767,1.00177706561819,1.135338,1.113986421102
31,0.006399997,0.0038032347263302,0.8963767,1.00177706561819,1.096117,1.113986421102
31,0.006499996,0.00386916968133832,0.8963767,1.00177706561819,1.099258,1.113986421102
31,0.006599996,0.00398137259010283,0.8963767,1.00177706561819,1.1024,1.113986421102
31,0.006699996,0.0041357413089692,0.8963767,1.00177706561819,1.105543,1.113986421102
31,0.006799996,0.00432747191278344,0.8963767,1.00177706561819,1.108686,1.113986421102
31,0.006899996,0.00455157617699482,0.8963767,1.00177706561819,1.11183,1.113986421102
31,0.006999996,0.00480322975633767,0.8963767,1.00177706561819,1.114975,1.113986421102
31,0.007099995,0.00507811044034866,0.8963767,1.00177706561819,1.11812,1.113986421102
31,0.007199995,0.00537241090692396,0.8963767,1.00177706561819,1.121265,1.113986421102
31,0.007299995,0.00568290070220774,0.8963767,1.00177706561819,1.124412,1.113986421102
31,0.007399995,0.00600685275489242,0.8963767,1.00177706561819,1.127559,1.113986421102
31,0.007499995,0.00634201202208091,0.8963767,1.00177706561819,1.130707,1.113986421102
31,0.007599995,0.00668651119319446,0.8963767,1.00177706561819,1.133855,1.113986421102
32,0.006199997,0.00380452604806418,0.8963767,1.00177706561819,1.096077,1.113986421102
32,0.006299997,0.00387313550823188,0.8963767,1.00177706561819,1.099318,1.113986421102
32,0.006399997,0.0039908902833853,0.8963767,1.00177706561819,1.10256,1.113986421102
32,0.006499996,0.0041532637313572,0.8963767,1.00177706561819,1.105803,1.113986421102
32,0.006599996,0.00435493991733933,0.8963767,1.00177706561819,1.109046,1.113986421102
32,0.006699996,0.00459042827060794,0.8963767,1.00177706561819,1.11229,1.113986421102
32,0.006799996,0.0048545288871442,0.8963767,1.00177706561819,1.115535,1.113986421102
32,0.006899996,0.00514254906241648,0.8963767,1.00177706561819,1.11878,1.113986421102
32,0.006999996,0.00545046135218241,0.8963767,1.00177706561819,1.122026,1.113986421102
32,0.007099995,0.00577483070961503,0.8963767,1.00177706561819,1.125273,1.113986421102
32,0.007199995,0.00611282723939016,0.8963767,1.00177706561819,1.12852,1.113986421102
32,0.007299995,0.0064620924241825,0.8963767,1.00177706561819,1.131768,1.113986421102
32,0.007399995,0.00682069585515352,0.8963767,1.00177706561819,1.135016,1.113986421102
33,0.005999997,0.00380082201612287,0.8963767,1.00177706561819,1.095634,1.113986421102
33,0.006099997,0.00386556077508045,0.8963767,1.00177706561819,1.098975,1.113986421102
33,0.006199997,0.00398292651654924,0.8963767,1.00177706561819,1.102317,1.113986421102
33,0.006299997,0.00414806693137708,0.8963767,1.00177706561819,1.10566,1.113986421102
33,0.006399997,0.00435518781799192,0.8963767,1.00177706561819,1.109003,1.113986421102
33,0.006499996,0.00459828409215049,0.8963767,1.00177706561819,1.112347,1.113986421102
33,0.006599996,0.00487165370522912,0.8963767,1.00177706561819,1.115692,1.113986421102
33,0.006699996,0.0051701989992468,0.8963767,1.00177706561819,1.119038,1.113986421102
33,0.006799996,0.00548954444454692,0.8963767,1.00177706561819,1.122383,1.113986421102
33,0.006899996,0.0058259990825754,0.8963767,1.00177706561819,1.12573,1.113986421102
33,0.006999996,0.0061765363374064,0.8963767,1.00177706561819,1.129078,1.113986421102
33,0.007099995,0.00653865630850229,0.8963767,1.00177706561819,1.132426,1.113986421102
34,0.005799998,0.00379466680386975,0.8963767,1.00177706561819,1.094789,1.113986421102
34,0.005899997,0.00384829295006905,0.8963767,1.00177706561819,1.09823,1.113986421102
34,0.005999997,0.00395863379860466,0.8963767,1.00177706561819,1.101672,1.113986421102
34,0.006099997,0.00412070859196583,0.8963767,1.00177706561819,1.105115,1.113986421102
34,0.006199997,0.00432831035375809,0.8963767,1.00177706561819,1.108558,1.113986421102
34,0.006299997,0.0045748807337948,0.8963767,1.00177706561819,1.112002,1.113986421102
34,0.006399997,0.00485412844828403,0.8963767,1.00177706561819,1.115447,1.113986421102
34,0.006499996,0.00516043129736902,0.8963767,1.00177706561819,1.118892,1.113986421102
34,0.006599996,0.00548895379370724,0.8963767,1.00177706561819,1.122338,1.113986421102
34,0.006699996,0.00583566072932111,0.8963767,1.00177706561819,1.125785,1.113986421102
34,0.006799996,0.00619723568999938,0.8963767,1.00177706561819,1.129232,1.113986421102
34,0.006899996,0.00657098814311261,0.8963767,1.00177706561819,1.13268,1.113986421102
35,0.005699998,0.0038255645637509,0.8963767,1.00177706561819,1.097083,1.113986421102
35,0.005799998,0.00392133556300969,0.8963767,1.00177706561819,1.100625,1.113986421102
35,0.005899997,0.00407364691423013,0.8963767,1.00177706561819,1.104167,1.113986421102
35,0.005999997,0.00427602146085487,0.8963767,1.00177706561819,1.10771,1.113986421102
35,0.006099997,0.00452131672495602,0.8963767,1.00177706561819,1.111254,1.113986421102
35,0.006199997,0.00480258948322979,0.8963767,1.00177706561819,1.114799,1.113986421102
35,0.006299997,0.00511353786350084,0.8963767,1.00177706561819,1.118344,1.113986421102
35,0.006399997,0.00544875059283443,0.8963767,1.00177706561819,1.12189,1.113986421102
35,0.006499996,0.00580372036868962,0.8963767,1.00177706561819,1.125437,1.113986421102
35,0.006599996,0.00617474425714257,0.8963767,1.00177706561819,1.128984,1.113986421102
35,0.006699996,0.00655882627088511,0.8963767,1.00177706561819,1.132532,1.113986421102
36,0.005499998,0.00380414223869415,0.8963767,1.00177706561819,1.095534,1.113986421102
36,0.005599998,0.00387675390546121,0.8963767,1.00177706561819,1.099175,1.113986421102
36,0.005699998,0.0040114585102944,0.8963767,1.00177706561819,1.102818,1.113986421102
36,0.005799998,0.00420179821817596,0.8963767,1.00177706561819,1.10646,1.113986421102
36,0.005899997,0.00444016809442108,0.8963767,1.00177706561819,1.110104,1.113986421102
36,0.005999997,0.00471885887024268,0.8963767,1.00177706561819,1.113748,1.113986421102
36,0.006099997,0.00503078371441348,0.8963767,1.00177706561819,1.117393,1.113986421102
36,0.006199997,0.005369772019283,0.8963767,1.00177706561819,1.121039,1.113986421102
36,0.006299997,0.00573070369650042,0.8963767,1.00177706561819,1.124686,1.113986421102
36,0.006399997,0.00610934161466546,0.8963767,1.00177706561819,1.128333,1.113986421102
36,0.006499996,0.00650231424063293,0.8963767,1.00177706561819,1.131981,1.113986421102
36,0.006599996,0.00690688965671779,0.8963767,1.00177706561819,1.13563,1.113986421102
37,0.005399998,0.00383324968287065,0.8963767,1.00177706561819,1.097324,1.113986421102
37,0.005499998,0.00394114805026284,0.8963767,1.00177706561819,1.101066,1.113986421102
37,0.005599998,0.00411125409201619,0.8963767,1.00177706561819,1.104809,1.113986421102
37,0.005699998,0.00433573397204077,0.8963767,1.00177706561819,1.108552,1.113986421102
37,0.005799998,0.00460616738154227,0.8963767,1.00177706561819,1.112296,1.113986421102
37,0.005899997,0.0049145269603638,0.8963767,1.00177706561819,1.116041,1.113986421102
37,0.005999997,0.00525373200118184,0.8963767,1.00177706561819,1.119786,1.113986421102
37,0.006099997,0.00561781386578431,0.8963767,1.00177706561819,1.123533,1.113986421102
37,0.006199997,0.00600189269925504,0.8963767,1.00177706561819,1.12728,1.113986421102
37,0.006299997,0.00640203958769551,0.8963767,1.00177706561819,1.131028,1.113986421102
37,0.006399997,0.00681511338346126,0.8963767,1.00177706561819,1.134776,1.113986421102
38,0.005199999,0.00380207607106387,0.8963767,1.00177706561819,1.095072,1.113986421102
38,0.005299998,0.0038725949929966,0.8963767,1.00177706561819,1.098913,1.113986421102
38,0.005399998,0.0040125674212555,0.8963767,1.00177706561819,1.102755,1.113986421102
38,0.005499998,0.00421450837558495,0.8963767,1.00177706561819,1.106598,1.113986421102
38,0.005599998,0.00446949138190847,0.8963767,1.00177706561819,1.110442,1.113986421102
38,0.005699998,0.00476851358007823,0.8963767,1.00177706561819,1.114286,1.113986421102
38,0.005799998,0.00510338235165459,0.8963767,1.00177706561819,1.118132,1.113986421102
38,0.005899997,0.00546708745671089,0.8963767,1.00177706561819,1.121978,1.113986421102
38,0.005999997,0.00585386862059245,0.8963767,1.00177706561819,1.125825,1.113986421102
38,0.006099997,0.00625906408858277,0.8963767,1.00177706561819,1.129672,1.113986421102
38,0.006199997,0.00667899643244532,0.8963767,1.00177706561819,1.13352,1.113986421102
39,0.005099999,0.00381886874282456,0.8963767,1.00177706561819,1.096359,1.113986421102
39,0.005199999,0.00391706909924716,0.8963767,1.00177706561819,1.1003,1.113986421102
39,0.005299998,0.00408578341786796,0.8963767,1.00177706561819,1.104243,1.113986421102
39,0.005399998,0.00431615609465982,0.8963767,1.00177706561819,1.108186,1.113986421102
39,0.005499998,0.00459834851000406,0.8963767,1.00177706561819,1.11213,1.113986421102
39,0.005599998,0.00492295125664704,0.8963767,1.00177706561819,1.116075,1.113986421102
39,0.005699998,0.00528167438777309,0.8963767,1.00177706561819,1.120021,1.113986421102
39,0.005799998,0.00566758658461499,0.8963767,1.00177706561819,1.123967,1.113986421102
39,0.005899997,0.00607510738502256,0.8963767,1.00177706561819,1.127915,1.113986421102
39,0.005999997,0.00649979390847518,0.8963767,1.00177706561819,1.131863,1.113986421102
40,0.004999999,0.00383975206218641,0.8963767,1.00177706561819,1.097445,1.113986421102
40,0.005099999,0.00396239571920971,0.8963767,1.00177706561819,1.101486,1.113986421102
40,0.005199999,0.00415653945601395,0.8963767,1.00177706561819,1.105529,1.113986421102
40,0.005299998,0.00441213203193779,0.8963767,1.00177706561819,1.109573,1.113986421102
40,0.005399998,0.0047186013458547,0.8963767,1.00177706561819,1.113617,1.113986421102
40,0.005499998,0.00506617805244517,0.8963767,1.00177706561819,1.117662,1.113986421102
40,0.005599998,0.00544649780394731,0.8963767,1.00177706561819,1.121709,1.113986421102
40,0.005699998,0.00585272981742476,0.8963767,1.00177706561819,1.125755,1.113986421102
40,0.005799998,0.00627940716074007,0.8963767,1.00177706561819,1.129803,1.113986421102
40,0.005899997,0.00672225448700455,0.8963767,1.00177706561819,1.133851,1.113986421102
41,0.004899999,0.00386133900186766,0.8963767,1.00177706561819,1.098329,1.113986421102
41,0.004999999,0.00400506704771629,0.8963767,1.00177706561819,1.102471,1.113986421102
41,0.005099999,0.00422143034542821,0.8963767,1.00177706561819,1.106614,1.113986421102
41,0.005199999,0.00449927444427802,0.8963767,1.00177706561819,1.110758,1.113986421102
41,0.005299998,0.00482737916072417,0.8963767,1.00177706561819,1.114903,1.113986421102
41,0.005399998,0.00519566651366271,0.8963767,1.00177706561819,1.119048,1.113986421102
41,0.005499998,0.0055956811802984,0.8963767,1.00177706561819,1.123195,1.113986421102
41,0.005599998,0.00602062993910715,0.8963767,1.00177706561819,1.127342,1.113986421102
41,0.005699998,0.00646514762664049,0.8963767,1.00177706561819,1.13149,1.113986421102
41,0.005799998,0.00692505209468937,0.8963767,1.00177706561819,1.135639,1.113986421102
42,0.004699999,0.00380380402027994,0.8963767,1.00177706561819,1.094771,1.113986421102
42,0.004799999,0.00388090921388056,0.8963767,1.00177706561819,1.099012,1.113986421102
42,0.004899999,0.00404232832490438,0.8963767,1.00177706561819,1.103255,1.113986421102
42,0.004999999,0.00427776645833041,0.8963767,1.00177706561819,1.107498,1.113986421102
42,0.005099999,0.00457510082306199,0.8963767,1.00177706561819,1.111742,1.113986421102
42,0.005199999,0.00492247086908275,0.8963767,1.00177706561819,1.115987,1.113986421102
42,0.005299998,0.00530947901895687,0.8963767,1.00177706561819,1.120233,1.113986421102
42,0.005399998,0.0057275482797738,0.8963767,1.00177706561819,1.124479,1.113986421102
42,0.005499998,0.00616985169478638,0.8963767,1.00177706561819,1.128727,1.113986421102
42,0.005599998,0.00663109298608113,0.8963767,1.00177706561819,1.132975,1.113986421102
43,0.0046,0.00380805039385972,0.8963767,1.00177706561819,1.095153,1.113986421102
43,0.004699999,0.00389644183167686,0.8963767,1.00177706561819,1.099494,1.113986421102
43,0.004799999,0.00407207594111045,0.8963767,1.00177706561819,1.103837,1.113986421102
43,0.004899999,0.00432352956252768,0.8963767,1.00177706561819,1.10818,1.113986421102
43,0.004999999,0.00463774403546935,0.8963767,1.00177706561819,1.112525,1.113986421102
43,0.005099999,0.00500221323235912,0.8963767,1.00177706561819,1.11687,1.113986421102
43,0.005199999,0.005406153846197,0.8963767,1.00177706561819,1.121216,1.113986421102
43,0.005299998,0.00584081175447083,0.8963767,1.00177706561819,1.125563,1.113986421102
43,0.005399998,0.00629930344607409,0.8963767,1.00177706561819,1.12991,1.113986421102
43,0.005499998,0.00677630805380523,0.8963767,1.00177706561819,1.134259,1.113986421102
44,0.0045,0.00381079872171054,0.8963767,1.00177706561819,1.095334,1.113986421102
44,0.0046,0.00390649888878931,0.8963767,1.00177706561819,1.099775,1.113986421102
44,0.004699999,0.00409279831952539,0.8963767,1.00177706561819,1.104218,1.113986421102
44,0.004799999,0.00435723951187141,0.8963767,1.00177706561819,1.108662,1.113986421102
44,0.004899999,0.00468581938842915,0.8963767,1.00177706561819,1.113106,1.113986421102
44,0.004999999,0.00506534132785781,0.8963767,1.00177706561819,1.117551,1.113986421102
44,0.005099999,0.00548458628798679,0.8963767,1.00177706561819,1.121997,1.113986421102
44,0.005199999,0.00593452690989762,0.8963767,1.00177706561819,1.126445,1.113986421102
44,0.005299998,0.00640815023623646,0.8963767,1.00177706561819,1.130892,1.113986421102
44,0.005399998,0.00690007255675846,0.8963767,1.00177706561819,1.135341,1.113986421102
45,0.0044,0.00381146838047698,0.8963767,1.00177706561819,1.095314,1.113986421102
45,0.0045,0.0039102661751082,0.8963767,1.00177706561819,1.099856,1.113986421102
45,0.0046,0.0041035347494805,0.8963767,1.00177706561819,1.104398,1.113986421102
45,0.004699999,0.00437788986490558,0.8963767,1.00177706561819,1.108942,1.113986421102
45,0.004799999,0.00471835585773208,0.8963767,1.00177706561819,1.113486,1.113986421102
45,0.004899999,0.00511096570945355,0.8963767,1.00177706561819,1.118032,1.113986421102
45,0.004999999,0.00554396057807797,0.8963767,1.00177706561819,1.122578,1.113986421102
45,0.005099999,0.006007970119079,0.8963767,1.00177706561819,1.127125,1.113986421102
45,0.005199999,0.00649577934384586,0.8963767,1.00177706561819,1.131673,1.113986421102
46,0.0043,0.00381007649013936,0.8963767,1.00177706561819,1.095093,1.113986421102
46,0.0044,0.00390747828976277,0.8963767,1.00177706561819,1.099735,1.113986421102
46,0.0045,0.00410384210769001,0.8963767,1.00177706561819,1.104377,1.113986421102
46,0.0046,0.00438491903775275,0.8963767,1.00177706561819,1.109021,1.113986421102
46,0.004699999,0.00473474065329885,0.8963767,1.00177706561819,1.113665,1.113986421102
46,0.004799999,0.00513849491204066,0.8963767,1.00177706561819,1.118311,1.113986421102
46,0.004899999,0.0055837290567157,0.8963767,1.00177706561819,1.122957,1.113986421102
46,0.004999999,0.00606064534216519,0.8963767,1.00177706561819,1.127605,1.113986421102
46,0.005099999,0.00656171946916777,0.8963767,1.00177706561819,1.132253,1.113986421102
47,0.0042,0.00380725732418492,0.8963767,1.00177706561819,1.094671,1.113986421102
47,0.0043,0.00389844097599055,0.8963767,1.00177706561819,1.099413,1.113986421102
47,0.0044,0.00409371582451124,0.8963767,1.00177706561819,1.104155,1.113986421102
47,0.0045,0.00437813503869376,0.8963767,1.00177706561819,1.108899,1.113986421102
47,0.0046,0.00473470139602384,0.8963767,1.00177706561819,1.113644,1.113986421102
47,0.004699999,0.00514757416191915,0.8963767,1.00177706561819,1.118389,1.113986421102
47,0.004799999,0.00560353748078807,0.8963767,1.00177706561819,1.123136,1.113986421102
47,0.004899999,0.00609220606530928,0.8963767,1.00177706561819,1.127883,1.113986421102
47,0.004999999,0.00660567027298256,0.8963767,1.00177706561819,1.132631,1.113986421102
48,0.0042,0.00388404361630446,0.8963767,1.00177706561819,1.09889,1.113986421102
48,0.0043,0.00407368369627847,0.8963767,1.00177706561819,1.103733,1.113986421102
48,0.0044,0.00435777325050774,0.8963767,1.00177706561819,1.108576,1.113986421102
48,0.0045,0.00471823573572998,0.8963767,1.00177706561819,1.113421,1.113986421102
48,0.0046,0.00513811819259852,0.8963767,1.00177706561819,1.118266,1.113986421102
48,0.004699999,0.0056032195567585,0.8963767,1.00177706561819,1.123113,1.113986421102
48,0.004799999,0.00610246168278448,0.8963767,1.00177706561819,1.12796,1.113986421102
48,0.004899999,0.00662742448026371,0.8963767,1.00177706561819,1.132809,1.113986421102
49,0.0041,0.00386574066749058,0.8963767,1.00177706561819,1.098167,1.113986421102
49,0.0042,0.00404475976822606,0.8963767,1.00177706561819,1.103109,1.113986421102
49,0.0043,0.00432443427164851,0.8963767,1.00177706561819,1.108053,1.113986421102
49,0.0044,0.00468568930171035,0.8963767,1.00177706561819,1.112997,1.113986421102
49,0.0045,0.00511025052653285,0.8963767,1.00177706561819,1.117943,1.113986421102
49,0.0046,0.00558279303259234,0.8963767,1.00177706561819,1.122889,1.113986421102
49,0.004699999,0.00609135331989349,0.8963767,1.00177706561819,1.127836,1.113986421102
49,0.004799999,0.00662690161214269,0.8963767,1.00177706561819,1.132785,1.113986421102
