NEH,px_t,RMSE,fNatIsotopes0,fNatIsotopes1,fNatIsotopes2,fNatIsotopes3,fNatIsotopes4,fNatIsotopes5,current_Exp_isotope_distribution_t0[0],current_Exp_isotope_distribution_t0[1],current_Exp_isotope_distribution_t0[2],current_Exp_isotope_distribution_t0[3],current_Exp_isotope_distribution_t0[4],current_Exp_isotope_distribution_t0[5],fLabIsotopes[0],fLabIsotopes[1],fLabIsotopes[2],fLabIsotopes[3],fLabIsotopes[4],fLabIsotopes[5],current_Exp_isotope_distribution[0],current_Exp_isotope_distribution[1],current_Exp_isotope_distribution[2],current_Exp_isotope_distribution[3],current_Exp_isotope_distribution[4],current_Exp_isotope_distribution[5],NumberOfHydrogens,PeptideSeq,SeqMass,Charge,Exp_time
38,0.03855948,0.107437330817856,0.23379,0.3269,0.24155,0.12465,0.05023,0.01679,0.242107681449398,0.33794508513829,0.238022559857652,0.117149892229056,0.0481293729826759,0.0166454083429282,0.05245348,0.1533097,0.2253458,0.222111,0.1651556,0.09882309,0.210461816241421,0.309314786514885,0.236255257183271,0.141789652359222,0.0721672320756935,0.0300112556255076,169,LSDGHFIPILGFGTYAPQEVPK,796.08624,3,1
29,0.03855948,0.0859682018872723,0.22193,0.30404,0.23907,0.13709,0.06295,0.02432,0.236006463048702,0.307793264116013,0.240773837618384,0.134514736725627,0.0602840744179864,0.0206276240732867,0.07093934,0.1797194,0.2358311,0.2129411,0.1482942,0.08466788,0.2103338263706,0.292409982610495,0.240624417699195,0.151562668239807,0.0732886476120317,0.0317804574678711,169,QLQLDYVDLYLIHFPMAMK,780.07062,3,1
32,0.03855948,0.0949607242393048,0.26757,0.3169,0.22427,0.11726,0.04943,0.01761,0.262939970677578,0.321417116169803,0.226669195890004,0.121650633322801,0.0490815812258405,0.0182415027139742,0.07600946,0.1876036,0.2399446,0.2112737,0.1435318,0.07996241,0.238113367234037,0.303268610962467,0.228075812119027,0.139082906281739,0.063727073092626,0.0277322303101046,139,YKPVcNQVEcHPYLNQGK,745.35425,3,1
26,0.03855948,0.117310424239933,0.43294,0.32641,0.1596,0.05833,0.01728,0.00432,0.453990644377425,0.324008700077812,0.151321914472872,0.0529517626374015,0.0146326216434239,0.00309435679106591,0.1557183,0.2798297,0.2612943,0.168368,0.08382692,0.03423418,0.400079406895607,0.322414794472497,0.172936187358413,0.0745741611629201,0.023025340129316,0.00697010998124712,92,HIDSASMYQNEK,711.81952,2,1
26,0.03855948,0.119768781584246,0.43294,0.32641,0.1596,0.05833,0.01728,0.00432,0.449225065559797,0.327523381958441,0.153256277495581,0.052232219299036,0.0154687572439783,0.00229429844316627,0.1557183,0.2798297,0.2612943,0.168368,0.08382692,0.03423418,0.404627569955937,0.321448879047209,0.169817673425369,0.0654471885259185,0.0325849629816474,0.00607372606391837,92,HIDSASMYQNEK,474.88211,3,1
17,0.03855948,0.0763816135763407,0.44166,0.34859,0.14992,0.04595,0.01115,0.00227,0.447079469855787,0.362158772244635,0.14482883652238,0.0356108326516035,0.00864414436347451,0.00167794436212015,0.22632,0.3329823,0.248167,0.1249447,0.04780236,0.0148219,0.374484206169476,0.322720316739357,0.172052520002725,0.0474151932036069,0.0796995129355155,0.00362825094932,95,LSDGHFIPILGF,658.3559,2,1
28,0.03855948,0.0904327073478156,0.28524,0.31781,0.21783,0.111,0.04584,0.01605,0.29200404452573,0.323147627760352,0.213301135098957,0.112667714674779,0.0450266712986902,0.0138528066414916,0.09483352,0.2121908,0.248794,0.2025656,0.1280959,0.06676736,0.260948434990312,0.303862983144543,0.226189816635102,0.124042186189023,0.0598409421462232,0.0251156368947968,134,LIYDAVDIcDTWEAMEK,1036.47119,2,1
18,0.03855948,0.0840883573860925,0.40446,0.35094,0.16745,0.05723,0.01555,0.00355,0.410968075064969,0.355573664241574,0.167860610287242,0.0517454697695853,0.0138521806366289,0,0.1992646,0.3167932,0.2564,0.140811,0.05899939,0.02010456,0.371321253062461,0.34776770502445,0.185925259872383,0.0680825815207221,0.0218621934990703,0.005041007020914,83,DHPDFPFWDEY,734.2962,2,1
30,0.03855948,0.118267104570191,0.3672,0.35277,0.18459,0.06881,0.02032,0.00503,0.369117362088227,0.370416171555922,0.18839500713323,0.0556419767564984,0.0164294824661221,0,0.1128479,0.2442326,0.266198,0.1948659,0.1077985,0.04807251,0.338254884672784,0.33711841078987,0.196206335254506,0.077523917373456,0.0428862634042214,0.00801018850516213,127,SKDIVLVAYSALGSHR,429.74142,4,1
30,0.03855948,0.116304945204639,0.29733,0.31887,0.21355,0.10657,0.04319,0.01485,0.324055716780057,0.330175917242371,0.218524493361666,0.104106829458947,0.0149915395435852,0.00814550361337399,0.09137546,0.2079711,0.2475295,0.2042653,0.1307724,0.06894788,0.282003563455459,0.344282459998391,0.234350693796279,0.139363282749871,0,0,131,ENMQVFEFQLTSEDMK,988.44244,2,1
32,0.03855948,0.098831647130993,0.26757,0.3169,0.22427,0.11726,0.04943,0.01761,0.278687031964067,0.348564382012203,0.230606271870168,0.109333994350205,0.025348824738301,0.00745949506505618,0.07600946,0.1876036,0.2399446,0.2112737,0.1435318,0.07996241,0.239928259062743,0.313663377069556,0.226666537735264,0.139777036922918,0.0604246593574453,0.0195401298520728,139,YKPVcNQVEcHPYLNQGK,1117.52771,2,1
30,0.03855948,0.109164642363623,0.29733,0.31887,0.21355,0.10657,0.04319,0.01485,0.313275360993779,0.347462362357851,0.208187541273145,0.119786150942284,0.00849758275861471,0.00279100167432477,0.09137546,0.2079711,0.2475295,0.2042653,0.1307724,0.06894788,0.277189160298108,0.33215329283077,0.235932524982806,0.101767500937511,0.0489167725057848,0.00404074844502041,131,ENMQVFEFQLTSEDMK,659.29736,3,1
38,0.04479649,0.0977861138778051,0.23379,0.3269,0.24155,0.12465,0.05023,0.01679,0.242107681449398,0.33794508513829,0.238022559857652,0.117149892229056,0.0481293729826759,0.0166454083429282,0.0409591,0.130288,0.2077727,0.2215231,0.1776714,0.1143612,0.178131584378273,0.279027724725063,0.24074180145108,0.166343797826728,0.0928275347366924,0.0429275568821639,169,LSDGHFIPILGFGTYAPQEVPK,796.08624,3,2
29,0.04479649,0.0758058847677129,0.22193,0.30404,0.23907,0.13709,0.06295,0.02432,0.236006463048702,0.307793264116013,0.240773837618384,0.134514736725627,0.0602840744179864,0.0206276240732867,0.05873619,0.1603755,0.2252138,0.216385,0.1596223,0.09618811,0.178016549810385,0.26558174291421,0.244525666957243,0.173194280990569,0.0945354736943965,0.0441462856331971,169,QLQLDYVDLYLIHFPMAMK,780.07062,3,2
32,0.04479649,0.0872313166758089,0.26757,0.3169,0.22427,0.11726,0.04943,0.01761,0.262939970677578,0.321417116169803,0.226669195890004,0.121650633322801,0.0490815812258405,0.0182415027139742,0.06171708,0.1657447,0.2288145,0.2160587,0.1565993,0.0926979,0.207974449507267,0.277878491798609,0.23447024007521,0.158690189897207,0.0842076927800562,0.0367789359416514,139,YKPVcNQVEcHPYLNQGK,745.35425,3,2
26,0.04479649,0.102440304210931,0.43294,0.32641,0.1596,0.05833,0.01728,0.00432,0.453990644377425,0.324008700077812,0.151321914472872,0.0529517626374015,0.0146326216434239,0.00309435679106591,0.1314738,0.2594842,0.2633805,0.1829705,0.09759849,0.04250173,0.336096240597188,0.324122177868114,0.197857960510802,0.0940351605831528,0.0363024089638695,0.0115860514768737,92,HIDSASMYQNEK,711.81952,2,2
26,0.04479649,0.107029844598137,0.43294,0.32641,0.1596,0.05833,0.01728,0.00432,0.449225065559797,0.327523381958441,0.153256277495581,0.052232219299036,0.0154687572439783,0.00229429844316627,0.1314738,0.2594842,0.2633805,0.1829705,0.09759849,0.04250173,0.351670457170254,0.31036177248261,0.192391569291349,0.087885906533223,0.046879704660624,0.0108105898619398,92,HIDSASMYQNEK,474.88211,3,2
17,0.04479649,0.0820761067022166,0.44166,0.34859,0.14992,0.04595,0.01115,0.00227,0.447079469855787,0.362158772244635,0.14482883652238,0.0356108326516035,0.00864414436347451,0.00167794436212015,0.2026118,0.3215006,0.2569275,0.137978,0.05604347,0.01837082,0.368938541620862,0.321790055843775,0.176192466753372,0.0617101478786835,0.0689202311669923,0.00244855673631584,95,LSDGHFIPILGF,658.3559,2,2
28,0.04479649,0.0772618063747939,0.28524,0.31781,0.21783,0.111,0.04584,0.01605,0.29200404452573,0.323147627760352,0.213301135098957,0.112667714674779,0.0450266712986902,0.0138528066414916,0.07903281,0.1918702,0.2417524,0.2099804,0.1408811,0.07758556,0.214469628382906,0.283073730849611,0.236659721833929,0.148544812864632,0.0794887437740005,0.0377633622949226,134,LIYDAVDIcDTWEAMEK,1036.47119,2,2
18,0.04479649,0.0750328593518257,0.40446,0.35094,0.16745,0.05723,0.01555,0.00355,0.410968075064969,0.355573664241574,0.167860610287242,0.0517454697695853,0.0138521806366289,0,0.1772332,0.3034403,0.262886,0.1537113,0.06824671,0.02454077,0.328895168672821,0.339552096721589,0.204792844624155,0.0868971440190524,0.0309512210672864,0.00891152489509606,83,DHPDFPFWDEY,734.2962,2,2
30,0.04479649,0.102021550599489,0.3672,0.35277,0.18459,0.06881,0.02032,0.00503,0.369117362088227,0.370416171555922,0.18839500713323,0.0556419767564984,0.0164294824661221,0,0.09282932,0.2198264,0.261024,0.2073099,0.1239407,0.05951477,0.29140607825111,0.2992325921581,0.22184225597216,0.109624968450341,0.0655403977536425,0.0123537074146471,127,SKDIVLVAYSALGSHR,429.74142,4,2
30,0.04479649,0.0953242569007078,0.29733,0.31887,0.21355,0.10657,0.04319,0.01485,0.324055716780057,0.330175917242371,0.218524493361666,0.104106829458947,0.0149915395435852,0.00814550361337399,0.07516596,0.1863975,0.2393782,0.2115583,0.1442333,0.08063091,0.23712029537422,0.291956961576477,0.247004992194303,0.157413122289981,0.0365969399953819,0.0299076885696364,131,ENMQVFEFQLTSEDMK,988.44244,2,2
32,0.04479649,0.0874122829757924,0.26757,0.3169,0.22427,0.11726,0.04943,0.01761,0.278687031964067,0.348564382012203,0.230606271870168,0.109333994350205,0.025348824738301,0.00745949506505618,0.06171708,0.1657447,0.2288145,0.2160587,0.1565993,0.0926979,0.195664844846648,0.288771835210257,0.2431306572962,0.161915904852143,0.0863840217889387,0.0241327360058139,139,YKPVcNQVEcHPYLNQGK,1117.52771,2,2
30,0.04479649,0.0964691010113492,0.29733,0.31887,0.21355,0.10657,0.04319,0.01485,0.313275360993779,0.347462362357851,0.208187541273145,0.119786150942284,0.00849758275861471,0.00279100167432477,0.07516596,0.1863975,0.2393782,0.2115583,0.1442333,0.08063091,0.228463112768443,0.314276572914444,0.234211291315701,0.155339787059096,0.0506789688111745,0.0170302671311423,131,ENMQVFEFQLTSEDMK,659.29736,3,2
38,0.04580533,0.0788478168115663,0.23379,0.3269,0.24155,0.12465,0.05023,0.01679,0.242107681449398,0.33794508513829,0.238022559857652,0.117149892229056,0.0481293729826759,0.0166454083429282,0.03934664,0.1268144,0.2048151,0.2210609,0.17941,0.1168068,0.149232346094944,0.247532103967823,0.245664547707024,0.184545400826903,0.112151398256106,0.0608742031472004,169,LSDGHFIPILGFGTYAPQEVPK,796.08624,3,3
29,0.04580533,0.0578483328208534,0.22193,0.30404,0.23907,0.13709,0.06295,0.02432,0.236006463048702,0.307793264116013,0.240773837618384,0.134514736725627,0.0602840744179864,0.0206276240732867,0.05696317,0.1573634,0.2233519,0.2167104,0.1613253,0.09804875,0.144863467063506,0.245289268056993,0.244618944261746,0.183436440503778,0.117424140724995,0.0643677393889815,169,QLQLDYVDLYLIHFPMAMK,780.07062,3,3
32,0.04580533,0.0686553073736637,0.26757,0.3169,0.22427,0.11726,0.04943,0.01761,0.262939970677578,0.321417116169803,0.226669195890004,0.121650633322801,0.0490815812258405,0.0182415027139742,0.0596646,0.1623466,0.2268189,0.2165427,0.158562,0.09476385,0.175952342749126,0.253124652645192,0.237938443079003,0.177168355614635,0.103107973908362,0.0527082320036829,139,YKPVcNQVEcHPYLNQGK,745.35425,3,3
26,0.04580533,0.0812144969298675,0.43294,0.32641,0.1596,0.05833,0.01728,0.00432,0.453990644377425,0.324008700077812,0.151321914472872,0.0529517626374015,0.0146326216434239,0.00309435679106591,0.12791,0.2561328,0.2633864,0.1851497,0.09983976,0.04392029,0.284820366681848,0.320090714389992,0.21260077123754,0.113602834918154,0.0489476302225402,0.0199376825499261,92,HIDSASMYQNEK,711.81952,2,3
26,0.04580533,0.0830122010159581,0.43294,0.32641,0.1596,0.05833,0.01728,0.00432,0.449225065559797,0.327523381958441,0.153256277495581,0.052232219299036,0.0154687572439783,0.00229429844316627,0.12791,0.2561328,0.2633864,0.1851497,0.09983976,0.04392029,0.296549819095457,0.304757252179381,0.207686413219428,0.113000695345873,0.0609347996840576,0.0170710204758019,92,HIDSASMYQNEK,474.88211,3,3
17,0.04580533,0.0661011658711517,0.44166,0.34859,0.14992,0.04595,0.01115,0.00227,0.447079469855787,0.362158772244635,0.14482883652238,0.0356108326516035,0.00864414436347451,0.00167794436212015,0.1990038,0.3195213,0.2581529,0.1400492,0.05742315,0.01898881,0.333628825945799,0.324487310638037,0.197368343262754,0.0755353376608477,0.0632785022190007,0.00570168027356175,95,LSDGHFIPILGF,658.3559,2,3
28,0.04580533,0.0599073539327689,0.28524,0.31781,0.21783,0.111,0.04584,0.01605,0.29200404452573,0.323147627760352,0.213301135098957,0.112667714674779,0.0450266712986902,0.0138528066414916,0.07672817,0.1886539,0.2404012,0.2109503,0.1428646,0.07936712,0.188322395150951,0.257232141603148,0.234475037469377,0.173023813870993,0.0993215986131816,0.0476250132923494,134,LIYDAVDIcDTWEAMEK,1036.47119,2,3
18,0.04580533,0.0562832652222548,0.40446,0.35094,0.16745,0.05723,0.01555,0.00355,0.410968075064969,0.355573664241574,0.167860610287242,0.0517454697695853,0.0138521806366289,0,0.1738932,0.3011877,0.2637349,0.1557365,0.0697808,0.02530647,0.289307727434739,0.326554402369191,0.220159090967543,0.108584509679173,0.041781823905249,0.0136124456441042,83,DHPDFPFWDEY,734.2962,2,3
30,0.04580533,0.0707565670897671,0.3672,0.35277,0.18459,0.06881,0.02032,0.00503,0.369117362088227,0.370416171555922,0.18839500713323,0.0556419767564984,0.0164294824661221,0,0.08993205,0.2159527,0.2598586,0.2090225,0.1264892,0.06144594,0.218024247695877,0.292858655323172,0.233520132832129,0.146467392321474,0.0886353316130786,0.0204942402142685,127,SKDIVLVAYSALGSHR,429.74142,4,3
30,0.04580533,0.0752921772658992,0.29733,0.31887,0.21355,0.10657,0.04319,0.01485,0.324055716780057,0.330175917242371,0.218524493361666,0.104106829458947,0.0149915395435852,0.00814550361337399,0.07281999,0.1829988,0.2378303,0.2124746,0.1463058,0.08255119,0.196754315081323,0.271905047028682,0.255362653411706,0.163855517960076,0.0627914134171004,0.049331053101112,131,ENMQVFEFQLTSEDMK,988.44244,2,3
32,0.04580533,0.0749811003761556,0.26757,0.3169,0.22427,0.11726,0.04943,0.01761,0.278687031964067,0.348564382012203,0.230606271870168,0.109333994350205,0.025348824738301,0.00745949506505618,0.0596646,0.1623466,0.2268189,0.2165427,0.158562,0.09476385,0.170652796097336,0.273618072485941,0.246103985477105,0.159296120318616,0.100738729397638,0.0495902962233637,139,YKPVcNQVEcHPYLNQGK,1117.52771,2,3
30,0.04580533,0.0805563388324082,0.29733,0.31887,0.21355,0.10657,0.04319,0.01485,0.313275360993779,0.347462362357851,0.208187541273145,0.119786150942284,0.00849758275861471,0.00279100167432477,0.07281999,0.1829988,0.2378303,0.2124746,0.1463058,0.08255119,0.197920334700889,0.298496197652213,0.234245830610933,0.148826743588993,0.0895975416900257,0.0309133517569464,131,ENMQVFEFQLTSEDMK,659.29736,3,3
38,0.04599918,0.0406097476740988,0.23379,0.3269,0.24155,0.12465,0.05023,0.01679,0.242107681449398,0.33794508513829,0.238022559857652,0.117149892229056,0.0481293729826759,0.0166454083429282,0.03904404,0.1261552,0.2042447,0.2209615,0.1797351,0.1172742,0.0927612875757647,0.196438761932916,0.236045933963194,0.223533512751156,0.155547955738148,0.0956725480388209,169,LSDGHFIPILGFGTYAPQEVPK,796.08624,3,6
29,0.04599918,0.0250089027290612,0.22193,0.30404,0.23907,0.13709,0.06295,0.02432,0.236006463048702,0.307793264116013,0.240773837618384,0.134514736725627,0.0602840744179864,0.0206276240732867,0.05662855,0.1567888,0.2229904,0.216766,0.1616484,0.09840611,0.0983719274144878,0.196299933396757,0.241480034656128,0.217893991041022,0.152797386283579,0.0931567272080257,169,QLQLDYVDLYLIHFPMAMK,780.07062,3,6
32,0.04599918,0.0337382378716108,0.26757,0.3169,0.22427,0.11726,0.04943,0.01761,0.262939970677578,0.321417116169803,0.226669195890004,0.121650633322801,0.0490815812258405,0.0182415027139742,0.05927797,0.1616986,0.2264305,0.2166271,0.1589343,0.0951608,0.114409009831718,0.213262499624549,0.245373066014066,0.211349662948347,0.138282284858317,0.0773234767230031,139,YKPVcNQVEcHPYLNQGK,745.35425,3,6
26,0.04599918,0.0392214267537321,0.43294,0.32641,0.1596,0.05833,0.01728,0.00432,0.453990644377425,0.324008700077812,0.151321914472872,0.0529517626374015,0.0146326216434239,0.00309435679106591,0.1272362,0.2554882,0.2633778,0.1855626,0.1002706,0.0441954,0.204502523346821,0.288947265164331,0.249670876942524,0.152143644191483,0.0755906829357379,0.0291450074191031,92,HIDSASMYQNEK,711.81952,2,6
26,0.04599918,0.0358037077464385,0.43294,0.32641,0.1596,0.05833,0.01728,0.00432,0.449225065559797,0.327523381958441,0.153256277495581,0.052232219299036,0.0154687572439783,0.00229429844316627,0.1272362,0.2554882,0.2633778,0.1855626,0.1002706,0.0441954,0.200138751552621,0.27957264038852,0.242471993797968,0.152042215458369,0.096457750534555,0.0293166482679666,92,HIDSASMYQNEK,474.88211,3,6
17,0.04599918,0.0346755643022303,0.44166,0.34859,0.14992,0.04595,0.01115,0.00227,0.447079469855787,0.362158772244635,0.14482883652238,0.0356108326516035,0.00864414436347451,0.00167794436212015,0.1983177,0.3191378,0.2583826,0.1404459,0.05768971,0.01910898,0.264133052259999,0.317735985012985,0.233769022586484,0.0960209202998792,0.0742942271884438,0.0140467926522093,95,LSDGHFIPILGF,658.3559,2,6
28,0.04599918,0.0202165424924479,0.28524,0.31781,0.21783,0.111,0.04584,0.01605,0.29200404452573,0.323147627760352,0.213301135098957,0.112667714674779,0.0450266712986902,0.0138528066414916,0.07629294,0.1880388,0.2401358,0.2111297,0.143243,0.07971038,0.120674080368072,0.209570781887504,0.24149172288505,0.208470793000485,0.143249555410643,0.0765430664482453,134,LIYDAVDIcDTWEAMEK,1036.47119,2,6
18,0.04599918,0.0213197285827914,0.40446,0.35094,0.16745,0.05723,0.01555,0.00355,0.410968075064969,0.355573664241574,0.167860610287242,0.0517454697695853,0.0138521806366289,0,0.1732585,0.3007526,0.2638921,0.1561237,0.07007674,0.02545515,0.219665742142427,0.306643437053186,0.248576551050184,0.141795972116377,0.0604759056476768,0.0228423919901496,83,DHPDFPFWDEY,734.2962,2,6
30,0.04599918,0.0369073842085886,0.3672,0.35277,0.18459,0.06881,0.02032,0.00503,0.369117362088227,0.370416171555922,0.18839500713323,0.0556419767564984,0.0164294824661221,0,0.0893856,0.2152117,0.2596256,0.2093423,0.1269765,0.06181936,0.157815590547558,0.24455992937099,0.247435470070226,0.170259202494602,0.143915916531911,0.0360138909847127,127,SKDIVLVAYSALGSHR,429.74142,4,6
30,0.04599918,0.0303658205179605,0.29733,0.31887,0.21355,0.10657,0.04319,0.01485,0.324055716780057,0.330175917242371,0.218524493361666,0.104106829458947,0.0149915395435852,0.00814550361337399,0.07237751,0.1823494,0.2375267,0.2126427,0.1467006,0.08292101,0.122966136703999,0.220485719511125,0.257410983181545,0.209016204304696,0.114100794027492,0.076020162271143,131,ENMQVFEFQLTSEDMK,988.44244,2,6
32,0.04599918,0.0417218712178881,0.26757,0.3169,0.22427,0.11726,0.04943,0.01761,0.278687031964067,0.348564382012203,0.230606271870168,0.109333994350205,0.025348824738301,0.00745949506505618,0.05927797,0.1616986,0.2264305,0.2166271,0.1589343,0.0951608,0.119729695540185,0.236855268665563,0.225827129126666,0.208443407259542,0.142104423343914,0.0670400760641292,139,YKPVcNQVEcHPYLNQGK,1117.52771,2,6
30,0.04599918,0.0388784202115627,0.29733,0.31887,0.21355,0.10657,0.04319,0.01485,0.313275360993779,0.347462362357851,0.208187541273145,0.119786150942284,0.00849758275861471,0.00279100167432477,0.07237751,0.1823494,0.2375267,0.2126427,0.1467006,0.08292101,0.106127049824401,0.245053738360273,0.273354143817318,0.212655090214606,0.128832048807037,0.0339779289763657,131,ENMQVFEFQLTSEDMK,659.29736,3,6
38,0.04599987,0.0399750898413802,0.23379,0.3269,0.24155,0.12465,0.05023,0.01679,0.242107681449398,0.33794508513829,0.238022559857652,0.117149892229056,0.0481293729826759,0.0166454083429282,0.03904293,0.1261527,0.2042425,0.220961,0.1797361,0.1172757,0.0898292418736289,0.195011606240639,0.238882552234797,0.224849491153017,0.159514026555419,0.0919130819424991,169,LSDGHFIPILGFGTYAPQEVPK,796.08624,3,7
29,0.04599987,0.0242112538043213,0.22193,0.30404,0.23907,0.13709,0.06295,0.02432,0.236006463048702,0.307793264116013,0.240773837618384,0.134514736725627,0.0602840744179864,0.0206276240732867,0.05662731,0.1567867,0.222989,0.216766,0.1616495,0.0984073,0.096569258973866,0.195669504843808,0.239795270422453,0.221725503375686,0.156662609484622,0.0895778528995647,169,QLQLDYVDLYLIHFPMAMK,780.07062,3,7
32,0.04599987,0.0335809848663784,0.26757,0.3169,0.22427,0.11726,0.04943,0.01761,0.262939970677578,0.321417116169803,0.226669195890004,0.121650633322801,0.0490815812258405,0.0182415027139742,0.05927654,0.1616962,0.2264289,0.2166272,0.1589355,0.09516213,0.113404311669519,0.214614566413354,0.245394780135679,0.206112514305729,0.141685608688231,0.0787882187874875,139,YKPVcNQVEcHPYLNQGK,745.35425,3,7
26,0.04599987,0.0360193302709336,0.43294,0.32641,0.1596,0.05833,0.01728,0.00432,0.453990644377425,0.324008700077812,0.151321914472872,0.0529517626374015,0.0146326216434239,0.00309435679106591,0.1272337,0.2554857,0.2633776,0.185564,0.1002721,0.04419636,0.195909947777208,0.290108546475707,0.25339856698775,0.156139130950331,0.0730906028718855,0.0313532049371178,92,HIDSASMYQNEK,711.81952,2,7
26,0.04599987,0.0351563190494314,0.43294,0.32641,0.1596,0.05833,0.01728,0.00432,0.449225065559797,0.327523381958441,0.153256277495581,0.052232219299036,0.0154687572439783,0.00229429844316627,0.1272337,0.2554857,0.2633776,0.185564,0.1002721,0.04419636,0.196851322988455,0.278580544355738,0.241563181136801,0.15045269011327,0.105630932848274,0.0269213285574622,92,HIDSASMYQNEK,474.88211,3,7
17,0.04599987,0.0299103756348445,0.44166,0.34859,0.14992,0.04595,0.01115,0.00227,0.447079469855787,0.362158772244635,0.14482883652238,0.0356108326516035,0.00864414436347451,0.00167794436212015,0.1983152,0.3191363,0.2583833,0.1404472,0.05769063,0.0191094,0.250239522100411,0.340229286003087,0.226061053878787,0.108171919115642,0.0652818923312026,0.0100163265708709,95,LSDGHFIPILGF,658.3559,2,7
28,0.04599987,0.0208203643619106,0.28524,0.31781,0.21783,0.111,0.04584,0.01605,0.29200404452573,0.323147627760352,0.213301135098957,0.112667714674779,0.0450266712986902,0.0138528066414916,0.07629134,0.1880365,0.2401347,0.2111302,0.1432443,0.07971153,0.113961762932836,0.219189971470956,0.249865658584282,0.203056273400186,0.136418701178695,0.0775076324330455,134,LIYDAVDIcDTWEAMEK,1036.47119,2,7
18,0.04599987,0.0190393321289006,0.40446,0.35094,0.16745,0.05723,0.01555,0.00355,0.410968075064969,0.355573664241574,0.167860610287242,0.0517454697695853,0.0138521806366289,0,0.1732562,0.3007509,0.2638925,0.156125,0.07007775,0.02545566,0.213620314918579,0.310108865068354,0.253097201260479,0.1410067421698,0.059951463009089,0.0222154135736987,83,DHPDFPFWDEY,734.2962,2,7
30,0.04599987,0.0390082624357931,0.3672,0.35277,0.18459,0.06881,0.02032,0.00503,0.369117362088227,0.370416171555922,0.18839500713323,0.0556419767564984,0.0164294824661221,0,0.08938359,0.2152089,0.2596245,0.2093433,0.1269782,0.06182066,0.155882356136502,0.259612880402978,0.26108346452514,0.162852744577591,0.122193081500387,0.038375472857402,127,SKDIVLVAYSALGSHR,429.74142,4,7
30,0.04599987,0.0277913413652259,0.29733,0.31887,0.21355,0.10657,0.04319,0.01485,0.324055716780057,0.330175917242371,0.218524493361666,0.104106829458947,0.0149915395435852,0.00814550361337399,0.07237588,0.1823469,0.2375254,0.2126431,0.1467019,0.08292225,0.121576883873511,0.220897907710236,0.250301202633428,0.20553143215128,0.124882777846732,0.0768097957848121,131,ENMQVFEFQLTSEDMK,988.44244,2,7
32,0.04599987,0.0329242970737021,0.26757,0.3169,0.22427,0.11726,0.04943,0.01761,0.278687031964067,0.348564382012203,0.230606271870168,0.109333994350205,0.025348824738301,0.00745949506505618,0.05927654,0.1616962,0.2264289,0.2166272,0.1589355,0.09516213,0.115803699287791,0.205205467538466,0.251973274140792,0.20578428606191,0.135238186088892,0.0859950868821486,139,YKPVcNQVEcHPYLNQGK,1117.52771,2,7
30,0.04599987,0.0226741853066588,0.29733,0.31887,0.21355,0.10657,0.04319,0.01485,0.313275360993779,0.347462362357851,0.208187541273145,0.119786150942284,0.00849758275861471,0.00279100167432477,0.07237588,0.1823469,0.2375254,0.2126431,0.1467019,0.08292225,0.107732574206763,0.220779675562775,0.250903758700486,0.209136730187133,0.138342444794502,0.0731048165483407,131,ENMQVFEFQLTSEDMK,659.29736,3,7
38,0.046,0.0310641938857627,0.23379,0.3269,0.24155,0.12465,0.05023,0.01679,0.242107681449398,0.33794508513829,0.238022559857652,0.117149892229056,0.0481293729826759,0.0166454083429282,0.03904275,0.1261523,0.2042422,0.220961,0.1797365,0.1172761,0.0752892312677345,0.183685080095574,0.2330387062065,0.231177443459972,0.1734020533837,0.103407485586519,169,LSDGHFIPILGFGTYAPQEVPK,796.08624,3,9
29,0.046,0.0194102170930284,0.22193,0.30404,0.23907,0.13709,0.06295,0.02432,0.236006463048702,0.307793264116013,0.240773837618384,0.134514736725627,0.0602840744179864,0.0206276240732867,0.05662711,0.1567864,0.2229888,0.2167662,0.1616497,0.09840758,0.0846786258923811,0.187838147982472,0.243271051187155,0.22618216616658,0.162553338962312,0.0954766698090987,169,QLQLDYVDLYLIHFPMAMK,780.07062,3,9
32,0.046,0.0249004024602617,0.26757,0.3169,0.22427,0.11726,0.04943,0.01761,0.262939970677578,0.321417116169803,0.226669195890004,0.121650633322801,0.0490815812258405,0.0182415027139742,0.05927631,0.1616958,0.2264287,0.2166273,0.1589358,0.09516247,0.0961639464540225,0.206361410421822,0.242341400303065,0.215746834571904,0.15264281394925,0.0867435942999363,139,YKPVcNQVEcHPYLNQGK,745.35425,3,9
26,0.046,0.0292077437510587,0.43294,0.32641,0.1596,0.05833,0.01728,0.00432,0.453990644377425,0.324008700077812,0.151321914472872,0.0529517626374015,0.0146326216434239,0.00309435679106591,0.1272333,0.2554853,0.2633777,0.1855643,0.1002724,0.04419654,0.183186977430938,0.284595544791223,0.257659520974793,0.161919514502072,0.0797761914883601,0.0328622508126134,92,HIDSASMYQNEK,711.81952,2,9
26,0.046,0.0282944724384112,0.43294,0.32641,0.1596,0.05833,0.01728,0.00432,0.449225065559797,0.327523381958441,0.153256277495581,0.052232219299036,0.0154687572439783,0.00229429844316627,0.1272333,0.2554853,0.2633777,0.1855643,0.1002724,0.04419654,0.182172100078392,0.276753087786418,0.244344884588302,0.159190849072322,0.108011411010377,0.029527667464188,92,HIDSASMYQNEK,474.88211,3,9
17,0.046,0.0219279118183303,0.44166,0.34859,0.14992,0.04595,0.01115,0.00227,0.447079469855787,0.362158772244635,0.14482883652238,0.0356108326516035,0.00864414436347451,0.00167794436212015,0.1983148,0.3191361,0.2583835,0.1404476,0.05769083,0.01910949,0.233640151685166,0.319768646143688,0.241100438287958,0.11383839176239,0.0812363045528251,0.0104160675679733,95,LSDGHFIPILGF,658.3559,2,9
28,0.046,0.0113603296448583,0.28524,0.31781,0.21783,0.111,0.04584,0.01605,0.29200404452573,0.323147627760352,0.213301135098957,0.112667714674779,0.0450266712986902,0.0138528066414916,0.07629107,0.1880361,0.2401346,0.2111304,0.1432446,0.0797118,0.0959978711261919,0.200662908483761,0.250657888440181,0.216731702034985,0.149846217767801,0.0861034121470792,134,LIYDAVDIcDTWEAMEK,1036.47119,2,9
18,0.046,0.00904907951751493,0.40446,0.35094,0.16745,0.05723,0.01555,0.00355,0.410968075064969,0.355573664241574,0.167860610287242,0.0517454697695853,0.0138521806366289,0,0.1732558,0.3007507,0.2638927,0.1561253,0.07007797,0.02545577,0.193255095649113,0.305317357057907,0.257717758972299,0.151386127980238,0.066932504268618,0.0253911560718243,83,DHPDFPFWDEY,734.2962,2,9
30,0.046,0.0332824737009988,0.3672,0.35277,0.18459,0.06881,0.02032,0.00503,0.369117362088227,0.370416171555922,0.18839500713323,0.0556419767564984,0.0164294824661221,0,0.08938325,0.2152085,0.2596245,0.2093435,0.1269785,0.06182089,0.13736178435892,0.260187627476594,0.264098293791708,0.172182447576694,0.13388829330823,0.0322815534878542,127,SKDIVLVAYSALGSHR,429.74142,4,9
30,0.046,0.0196977957465848,0.29733,0.31887,0.21355,0.10657,0.04319,0.01485,0.324055716780057,0.330175917242371,0.218524493361666,0.104106829458947,0.0149915395435852,0.00814550361337399,0.07237561,0.1823465,0.2375253,0.2126433,0.1467022,0.08292251,0.110777337218932,0.20353506159103,0.25364585832963,0.217186764470669,0.136598533162762,0.0782564452269771,131,ENMQVFEFQLTSEDMK,988.44244,2,9
32,0.046,0.0322485033173965,0.26757,0.3169,0.22427,0.11726,0.04943,0.01761,0.278687031964067,0.348564382012203,0.230606271870168,0.109333994350205,0.025348824738301,0.00745949506505618,0.05927631,0.1616958,0.2264287,0.2166273,0.1589358,0.09516247,0.0984628666608791,0.211893257009814,0.264824143432851,0.200086706731412,0.142599823427255,0.0821332027377897,139,YKPVcNQVEcHPYLNQGK,1117.52771,2,9
30,0.046,0.0256335871885512,0.29733,0.31887,0.21355,0.10657,0.04319,0.01485,0.313275360993779,0.347462362357851,0.208187541273145,0.119786150942284,0.00849758275861471,0.00279100167432477,0.07237561,0.1823465,0.2375253,0.2126433,0.1467022,0.08292251,0.11146820267388,0.215559541198237,0.265076139116928,0.205977824578047,0.140718171731777,0.0612001207011314,131,ENMQVFEFQLTSEDMK,659.29736,3,9
38,0.046,0.0219779812456913,0.23379,0.3269,0.24155,0.12465,0.05023,0.01679,0.242107681449398,0.33794508513829,0.238022559857652,0.117149892229056,0.0481293729826759,0.0166454083429282,0.03904275,0.1261523,0.2042422,0.220961,0.1797365,0.1172761,0.0557829209438236,0.162143400494365,0.232191232958226,0.241097070629184,0.19139733439205,0.117388040582351,169,LSDGHFIPILGFGTYAPQEVPK,796.08624,3,13
29,0.046,0.0148350301642628,0.22193,0.30404,0.23907,0.13709,0.06295,0.02432,0.236006463048702,0.307793264116013,0.240773837618384,0.134514736725627,0.0602840744179864,0.0206276240732867,0.05662711,0.1567864,0.2229888,0.2167662,0.1616497,0.09840758,0.0668144480610464,0.166689771273204,0.238462937696951,0.232062668061238,0.180000116715884,0.115970058191677,169,QLQLDYVDLYLIHFPMAMK,780.07062,3,13
32,0.046,0.019137087021646,0.26757,0.3169,0.22427,0.11726,0.04943,0.01761,0.262939970677578,0.321417116169803,0.226669195890004,0.121650633322801,0.0490815812258405,0.0182415027139742,0.05927631,0.1616958,0.2264287,0.2166273,0.1589358,0.09516247,0.0819672921563294,0.193284753107137,0.251458321806291,0.223162333662898,0.158894107624314,0.0912331916430308,139,YKPVcNQVEcHPYLNQGK,745.35425,3,13
26,0.046,0.0107749176765007,0.43294,0.32641,0.1596,0.05833,0.01728,0.00432,0.453990644377425,0.324008700077812,0.151321914472872,0.0529517626374015,0.0146326216434239,0.00309435679106591,0.1272333,0.2554853,0.2633777,0.1855643,0.1002724,0.04419654,0.149110411856716,0.26700508289133,0.267034332037851,0.183249377171585,0.0929029420171868,0.0406978540253314,92,HIDSASMYQNEK,711.81952,2,13
26,0.046,0.0137305437791931,0.43294,0.32641,0.1596,0.05833,0.01728,0.00432,0.449225065559797,0.327523381958441,0.153256277495581,0.052232219299036,0.0154687572439783,0.00229429844316627,0.1272333,0.2554853,0.2633777,0.1855643,0.1002724,0.04419654,0.151740293277602,0.263988251638557,0.254754110060641,0.17567941167888,0.115963927506853,0.0378740058374661,92,HIDSASMYQNEK,474.88211,3,13
17,0.046,0.0150377128418542,0.44166,0.34859,0.14992,0.04595,0.01115,0.00227,0.447079469855787,0.362158772244635,0.14482883652238,0.0356108326516035,0.00864414436347451,0.00167794436212015,0.1983148,0.3191361,0.2583835,0.1404476,0.05769083,0.01910949,0.213590309062756,0.3193443578596,0.237078806178893,0.132916743854942,0.0820976145924183,0.0149721684513903,95,LSDGHFIPILGF,658.3559,2,13
28,0.046,0.0174844666476463,0.28524,0.31781,0.21783,0.111,0.04584,0.01605,0.29200404452573,0.323147627760352,0.213301135098957,0.112667714674779,0.0450266712986902,0.0138528066414916,0.07629107,0.1880361,0.2401346,0.2111304,0.1432446,0.0797118,0.0693886569669879,0.183300577511336,0.24087180875928,0.232293557873973,0.170510730635449,0.103634668252974,134,LIYDAVDIcDTWEAMEK,1036.47119,2,13
18,0.046,0.00304479659861435,0.40446,0.35094,0.16745,0.05723,0.01555,0.00355,0.410968075064969,0.355573664241574,0.167860610287242,0.0517454697695853,0.0138521806366289,0,0.1732558,0.3007507,0.2638927,0.1561253,0.07007797,0.02545577,0.171952581682399,0.301582598903187,0.262635200352037,0.160936973439928,0.0746012311975931,0.0282914144248555,83,DHPDFPFWDEY,734.2962,2,13
30,0.046,0.020088911961176,0.3672,0.35277,0.18459,0.06881,0.02032,0.00503,0.369117362088227,0.370416171555922,0.18839500713323,0.0556419767564984,0.0164294824661221,0,0.08938325,0.2152085,0.2596245,0.2093435,0.1269785,0.06182089,0.114767222730706,0.241422832458405,0.261832927228286,0.19236073030621,0.147339702318924,0.0422765849574694,127,SKDIVLVAYSALGSHR,429.74142,4,13
30,0.046,0.0131211582078558,0.29733,0.31887,0.21355,0.10657,0.04319,0.01485,0.324055716780057,0.330175917242371,0.218524493361666,0.104106829458947,0.0149915395435852,0.00814550361337399,0.07237561,0.1823465,0.2375253,0.2126433,0.1467022,0.08292251,0.0810150611790796,0.189873053549003,0.24025581953907,0.224141022409499,0.172802455107314,0.0919125882160343,131,ENMQVFEFQLTSEDMK,988.44244,2,13
32,0.046,0.016336489488212,0.26757,0.3169,0.22427,0.11726,0.04943,0.01761,0.278687031964067,0.348564382012203,0.230606271870168,0.109333994350205,0.025348824738301,0.00745949506505618,0.05927631,0.1616958,0.2264287,0.2166273,0.1589358,0.09516247,0.0773689880288789,0.18822958385529,0.238544606102456,0.234433799885075,0.168891434378798,0.0925315877495013,139,YKPVcNQVEcHPYLNQGK,1117.52771,2,13
30,0.046,0.0231391892371722,0.29733,0.31887,0.21355,0.10657,0.04319,0.01485,0.313275360993779,0.347462362357851,0.208187541273145,0.119786150942284,0.00849758275861471,0.00279100167432477,0.07237561,0.1823465,0.2375253,0.2126433,0.1467022,0.08292251,0.0617682675143881,0.205966240939771,0.287689726192418,0.215109283720642,0.143495825454009,0.0859706561787724,131,ENMQVFEFQLTSEDMK,659.29736,3,13
38,0.046,0.0201211037110086,0.23379,0.3269,0.24155,0.12465,0.05023,0.01679,0.242107681449398,0.33794508513829,0.238022559857652,0.117149892229056,0.0481293729826759,0.0166454083429282,0.03904275,0.1261523,0.2042422,0.220961,0.1797365,0.1172761,0.0482299232858148,0.145721945252836,0.219030596340805,0.248365250002588,0.208466963439653,0.130185321678303,169,LSDGHFIPILGFGTYAPQEVPK,796.08624,3,16
29,0.046,0.0175866507181243,0.22193,0.30404,0.23907,0.13709,0.06295,0.02432,0.236006463048702,0.307793264116013,0.240773837618384,0.134514736725627,0.0602840744179864,0.0206276240732867,0.05662711,0.1567864,0.2229888,0.2167662,0.1616497,0.09840758,0.059610003915439,0.160027925403481,0.231782256949174,0.237543918313553,0.190873220086682,0.12016267533167,169,QLQLDYVDLYLIHFPMAMK,780.07062,3,16
32,0.046,0.0138719593711973,0.26757,0.3169,0.22427,0.11726,0.04943,0.01761,0.262939970677578,0.321417116169803,0.226669195890004,0.121650633322801,0.0490815812258405,0.0182415027139742,0.05927631,0.1616958,0.2264287,0.2166273,0.1589358,0.09516247,0.0684906541285943,0.178711894575076,0.238852045959386,0.231413040263567,0.174363862600462,0.108168502472914,139,YKPVcNQVEcHPYLNQGK,745.35425,3,16
26,0.046,0.00631356695190735,0.43294,0.32641,0.1596,0.05833,0.01728,0.00432,0.453990644377425,0.324008700077812,0.151321914472872,0.0529517626374015,0.0146326216434239,0.00309435679106591,0.1272333,0.2554853,0.2633777,0.1855643,0.1002724,0.04419654,0.13616302381954,0.251231055006977,0.27384687293201,0.190346100540165,0.102979421908773,0.0454335257925354,92,HIDSASMYQNEK,711.81952,2,16
26,0.046,0.0102224435635048,0.43294,0.32641,0.1596,0.05833,0.01728,0.00432,0.449225065559797,0.327523381958441,0.153256277495581,0.052232219299036,0.0154687572439783,0.00229429844316627,0.1272333,0.2554853,0.2633777,0.1855643,0.1002724,0.04419654,0.129808554594046,0.266406585643224,0.258266814472596,0.18212775758646,0.121652511619459,0.0417377760842145,92,HIDSASMYQNEK,474.88211,3,16
17,0.046,0.00828113647548292,0.44166,0.34859,0.14992,0.04595,0.01115,0.00227,0.447079469855787,0.362158772244635,0.14482883652238,0.0356108326516035,0.00864414436347451,0.00167794436212015,0.1983148,0.3191361,0.2583835,0.1404476,0.05769083,0.01910949,0.19404686934783,0.320293987635478,0.251566396470579,0.140262799696825,0.0762155604695898,0.0176143863796994,95,LSDGHFIPILGF,658.3559,2,16
28,0.046,0.0216614420783141,0.28524,0.31781,0.21783,0.111,0.04584,0.01605,0.29200404452573,0.323147627760352,0.213301135098957,0.112667714674779,0.0450266712986902,0.0138528066414916,0.07629107,0.1880361,0.2401346,0.2111304,0.1432446,0.0797118,0.0639628066311862,0.174244489304867,0.242471523827002,0.234100935951551,0.173479170489998,0.111741073795396,134,LIYDAVDIcDTWEAMEK,1036.47119,2,16
18,0.046,0.012236482300382,0.40446,0.35094,0.16745,0.05723,0.01555,0.00355,0.410968075064969,0.355573664241574,0.167860610287242,0.0517454697695853,0.0138521806366289,0,0.1732558,0.3007507,0.2638927,0.1561253,0.07007797,0.02545577,0.156725182502304,0.28803650282871,0.26824622395151,0.17210330965171,0.0807351031905384,0.034153677875227,83,DHPDFPFWDEY,734.2962,2,16
30,0.046,0.0202767620079084,0.3672,0.35277,0.18459,0.06881,0.02032,0.00503,0.369117362088227,0.370416171555922,0.18839500713323,0.0556419767564984,0.0164294824661221,0,0.08938325,0.2152085,0.2596245,0.2093435,0.1269785,0.06182089,0.0997689881351847,0.239497716836388,0.258774861135175,0.18917918845384,0.162144027459829,0.0506352179795835,127,SKDIVLVAYSALGSHR,429.74142,4,16
30,0.046,0.0191180613805423,0.29733,0.31887,0.21355,0.10657,0.04319,0.01485,0.324055716780057,0.330175917242371,0.218524493361666,0.104106829458947,0.0149915395435852,0.00814550361337399,0.07237561,0.1823465,0.2375253,0.2126433,0.1467022,0.08292251,0.0631929661290531,0.174646290863171,0.245135697400976,0.231019556322533,0.180566363270285,0.105439126013981,131,ENMQVFEFQLTSEDMK,988.44244,2,16
32,0.046,0.0155834059358987,0.26757,0.3169,0.22427,0.11726,0.04943,0.01761,0.278687031964067,0.348564382012203,0.230606271870168,0.109333994350205,0.025348824738301,0.00745949506505618,0.05927631,0.1616958,0.2264287,0.2166273,0.1589358,0.09516247,0.0626322540955181,0.165610156408298,0.244500430862738,0.23247070331054,0.182823171713972,0.111963283608934,139,YKPVcNQVEcHPYLNQGK,1117.52771,2,16
30,0.046,0.0258011234269336,0.29733,0.31887,0.21355,0.10657,0.04319,0.01485,0.313275360993779,0.347462362357851,0.208187541273145,0.119786150942284,0.00849758275861471,0.00279100167432477,0.07237561,0.1823465,0.2375253,0.2126433,0.1467022,0.08292251,0.0655831279964472,0.183732871746138,0.238018693028471,0.234436583673396,0.204840272127321,0.0733884514282277,131,ENMQVFEFQLTSEDMK,659.29736,3,16
38,0.046,0.0214910524024448,0.23379,0.3269,0.24155,0.12465,0.05023,0.01679,0.242107681449398,0.33794508513829,0.238022559857652,0.117149892229056,0.0481293729826759,0.0166454083429282,0.03904275,0.1261523,0.2042422,0.220961,0.1797365,0.1172761,0.0544537637833856,0.153295309756277,0.240515830590648,0.24042313126715,0.186600887821574,0.124711076780966,169,LSDGHFIPILGFGTYAPQEVPK,796.08624,3,21
29,0.046,0.0150169790815821,0.22193,0.30404,0.23907,0.13709,0.06295,0.02432,0.236006463048702,0.307793264116013,0.240773837618384,0.134514736725627,0.0602840744179864,0.0206276240732867,0.05662711,0.1567864,0.2229888,0.2167662,0.1616497,0.09840758,0.0646864362576032,0.170481934783695,0.240526711966312,0.233634152195878,0.181419483073549,0.109251281722963,169,QLQLDYVDLYLIHFPMAMK,780.07062,3,21
32,0.046,0.01518525857217,0.26757,0.3169,0.22427,0.11726,0.04943,0.01761,0.262939970677578,0.321417116169803,0.226669195890004,0.121650633322801,0.0490815812258405,0.0182415027139742,0.05927631,0.1616958,0.2264287,0.2166273,0.1589358,0.09516247,0.0706472854324079,0.181696620130725,0.245868269835179,0.237099121507973,0.164990586652959,0.0996981164407558,139,YKPVcNQVEcHPYLNQGK,745.35425,3,21
26,0.046,0.0135529914868517,0.43294,0.32641,0.1596,0.05833,0.01728,0.00432,0.453990644377425,0.324008700077812,0.151321914472872,0.0529517626374015,0.0146326216434239,0.00309435679106591,0.1272333,0.2554853,0.2633777,0.1855643,0.1002724,0.04419654,0.142002207776214,0.279637363380715,0.272897856658439,0.175438978871265,0.0917908929411148,0.0382327003722509,92,HIDSASMYQNEK,711.81952,2,21
26,0.046,0.0105497737017882,0.43294,0.32641,0.1596,0.05833,0.01728,0.00432,0.449225065559797,0.327523381958441,0.153256277495581,0.052232219299036,0.0154687572439783,0.00229429844316627,0.1272333,0.2554853,0.2633777,0.1855643,0.1002724,0.04419654,0.142787294893716,0.264147278347958,0.266620584227789,0.175537304038597,0.113957020090406,0.036950518401535,92,HIDSASMYQNEK,474.88211,3,21
17,0.046,0.0103950939812258,0.44166,0.34859,0.14992,0.04595,0.01115,0.00227,0.447079469855787,0.362158772244635,0.14482883652238,0.0356108326516035,0.00864414436347451,0.00167794436212015,0.1983148,0.3191361,0.2583835,0.1404476,0.05769083,0.01910949,0.217297092733821,0.324167052958966,0.253540339000446,0.125480365059113,0.0614514085869276,0.0180637416607272,95,LSDGHFIPILGF,658.3559,2,21
28,0.046,0.0162298149548723,0.28524,0.31781,0.21783,0.111,0.04584,0.01605,0.29200404452573,0.323147627760352,0.213301135098957,0.112667714674779,0.0450266712986902,0.0138528066414916,0.07629107,0.1880361,0.2401346,0.2111304,0.1432446,0.0797118,0.0688852655622937,0.185278275720322,0.245738883167847,0.235584245521695,0.167565611876036,0.0969477181518068,134,LIYDAVDIcDTWEAMEK,1036.47119,2,21
18,0.046,0.00642970907205595,0.40446,0.35094,0.16745,0.05723,0.01555,0.00355,0.410968075064969,0.355573664241574,0.167860610287242,0.0517454697695853,0.0138521806366289,0,0.1732558,0.3007507,0.2638927,0.1561253,0.07007797,0.02545577,0.169582812635261,0.293488591995419,0.263185850922385,0.166329838829611,0.0778381059982198,0.0295747996191043,83,DHPDFPFWDEY,734.2962,2,21
30,0.046,0.0286034924579474,0.3672,0.35277,0.18459,0.06881,0.02032,0.00503,0.369117362088227,0.370416171555922,0.18839500713323,0.0556419767564984,0.0164294824661221,0,0.08938325,0.2152085,0.2596245,0.2093435,0.1269785,0.06182089,0.111869549638151,0.241652268130663,0.234968572284644,0.189035794967642,0.176348437433788,0.0461253775451119,127,SKDIVLVAYSALGSHR,429.74142,4,21
30,0.046,0.0138345022295719,0.29733,0.31887,0.21355,0.10657,0.04319,0.01485,0.324055716780057,0.330175917242371,0.218524493361666,0.104106829458947,0.0149915395435852,0.00814550361337399,0.07237561,0.1823465,0.2375253,0.2126433,0.1467022,0.08292251,0.0671069455536701,0.188905626461928,0.25440876812573,0.23376149084984,0.158470610064436,0.097346558944396,131,ENMQVFEFQLTSEDMK,988.44244,2,21
32,0.046,0.0192812703423089,0.26757,0.3169,0.22427,0.11726,0.04943,0.01761,0.278687031964067,0.348564382012203,0.230606271870168,0.109333994350205,0.025348824738301,0.00745949506505618,0.05927631,0.1616958,0.2264287,0.2166273,0.1589358,0.09516247,0.0715292752202601,0.194601263091565,0.248024273547313,0.238932464792383,0.157342934319284,0.089569789029195,139,YKPVcNQVEcHPYLNQGK,1117.52771,2,21
30,0.046,0.0208941269818476,0.29733,0.31887,0.21355,0.10657,0.04319,0.01485,0.313275360993779,0.347462362357851,0.208187541273145,0.119786150942284,0.00849758275861471,0.00279100167432477,0.07237561,0.1823465,0.2375253,0.2126433,0.1467022,0.08292251,0.068403027948068,0.214618511320793,0.218087995049066,0.237449980137571,0.168214653742174,0.0932258318023282,131,ENMQVFEFQLTSEDMK,659.29736,3,21
38,0.046,0.0202795216607572,0.23379,0.3269,0.24155,0.12465,0.05023,0.01679,0.242107681449398,0.33794508513829,0.238022559857652,0.117149892229056,0.0481293729826759,0.0166454083429282,0.03904275,0.1261523,0.2042422,0.220961,0.1797365,0.1172761,0.0481907380454127,0.153418391281325,0.232924493803694,0.23931242685722,0.199616111657013,0.126537838355334,169,LSDGHFIPILGFGTYAPQEVPK,796.08624,3,24
29,0.046,0.0159787216478398,0.22193,0.30404,0.23907,0.13709,0.06295,0.02432,0.236006463048702,0.307793264116013,0.240773837618384,0.134514736725627,0.0602840744179864,0.0206276240732867,0.05662711,0.1567864,0.2229888,0.2167662,0.1616497,0.09840758,0.0607081029906873,0.164933825648143,0.236231436210549,0.238782268702943,0.184214640522505,0.115129725925173,169,QLQLDYVDLYLIHFPMAMK,780.07062,3,24
32,0.046,0.0141201422860194,0.26757,0.3169,0.22427,0.11726,0.04943,0.01761,0.262939970677578,0.321417116169803,0.226669195890004,0.121650633322801,0.0490815812258405,0.0182415027139742,0.05927631,0.1616958,0.2264287,0.2166273,0.1589358,0.09516247,0.0667913079370433,0.177644643283012,0.245149466971225,0.228851547300296,0.174714838352655,0.106848196155769,139,YKPVcNQVEcHPYLNQGK,745.35425,3,24
26,0.046,0.00855925199862657,0.43294,0.32641,0.1596,0.05833,0.01728,0.00432,0.453990644377425,0.324008700077812,0.151321914472872,0.0529517626374015,0.0146326216434239,0.00309435679106591,0.1272333,0.2554853,0.2633777,0.1855643,0.1002724,0.04419654,0.141675255124331,0.26832634894933,0.268045235877145,0.186748197682914,0.0956852207272186,0.0395197416390613,92,HIDSASMYQNEK,711.81952,2,24
26,0.046,0.0138170446462701,0.43294,0.32641,0.1596,0.05833,0.01728,0.00432,0.449225065559797,0.327523381958441,0.153256277495581,0.052232219299036,0.0154687572439783,0.00229429844316627,0.1272333,0.2554853,0.2633777,0.1855643,0.1002724,0.04419654,0.140674839262732,0.284724511377094,0.261103404298035,0.17860181604847,0.0977643199118164,0.0371311091018523,92,HIDSASMYQNEK,474.88211,3,24
17,0.046,0.0121257081281534,0.44166,0.34859,0.14992,0.04595,0.01115,0.00227,0.447079469855787,0.362158772244635,0.14482883652238,0.0356108326516035,0.00864414436347451,0.00167794436212015,0.1983148,0.3191361,0.2583835,0.1404476,0.05769083,0.01910949,0.209858405715752,0.317785300078877,0.242625428012953,0.132728557990926,0.0786351818602495,0.0183671263412415,95,LSDGHFIPILGF,658.3559,2,24
28,0.046,0.0194135300752498,0.28524,0.31781,0.21783,0.111,0.04584,0.01605,0.29200404452573,0.323147627760352,0.213301135098957,0.112667714674779,0.0450266712986902,0.0138528066414916,0.07629107,0.1880361,0.2401346,0.2111304,0.1432446,0.0797118,0.0657534074768921,0.176584033276238,0.246954305348011,0.2351360960621,0.172014644088685,0.103557513748074,134,LIYDAVDIcDTWEAMEK,1036.47119,2,24
18,0.046,0.0083709764588552,0.40446,0.35094,0.16745,0.05723,0.01555,0.00355,0.410968075064969,0.355573664241574,0.167860610287242,0.0517454697695853,0.0138521806366289,0,0.1732558,0.3007507,0.2638927,0.1561253,0.07007797,0.02545577,0.160214974960001,0.297470700665534,0.265467953308165,0.166808657393047,0.0803149592414586,0.0297227544317951,83,DHPDFPFWDEY,734.2962,2,24
30,0.046,0.019616160222134,0.3672,0.35277,0.18459,0.06881,0.02032,0.00503,0.369117362088227,0.370416171555922,0.18839500713323,0.0556419767564984,0.0164294824661221,0,0.08938325,0.2152085,0.2596245,0.2093435,0.1269785,0.06182089,0.105903219122945,0.238904956593042,0.270003795104307,0.185700742698611,0.151693894439733,0.0477933920413611,127,SKDIVLVAYSALGSHR,429.74142,4,24
30,0.046,0.0133069771504438,0.29733,0.31887,0.21355,0.10657,0.04319,0.01485,0.324055716780057,0.330175917242371,0.218524493361666,0.104106829458947,0.0149915395435852,0.00814550361337399,0.07237561,0.1823465,0.2375253,0.2126433,0.1467022,0.08292251,0.0714381528405339,0.184940828235984,0.25574447284197,0.230274522927522,0.163906367104002,0.093695656049989,131,ENMQVFEFQLTSEDMK,988.44244,2,24
32,0.046,0.0148614723304326,0.26757,0.3169,0.22427,0.11726,0.04943,0.01761,0.278687031964067,0.348564382012203,0.230606271870168,0.109333994350205,0.025348824738301,0.00745949506505618,0.05927631,0.1616958,0.2264287,0.2166273,0.1589358,0.09516247,0.0643260303753878,0.173472624263889,0.242504718578869,0.234183223382331,0.181745732688902,0.103767670710621,139,YKPVcNQVEcHPYLNQGK,1117.52771,2,24
30,0.046,0.0199943988060422,0.29733,0.31887,0.21355,0.10657,0.04319,0.01485,0.313275360993779,0.347462362357851,0.208187541273145,0.119786150942284,0.00849758275861471,0.00279100167432477,0.07237561,0.1823465,0.2375253,0.2126433,0.1467022,0.08292251,0.0539132425516082,0.192821543020903,0.252887825951726,0.216512910659537,0.184454824421589,0.0994096533946371,131,ENMQVFEFQLTSEDMK,659.29736,3,24
38,0.046,0.0201437091153678,0.23379,0.3269,0.24155,0.12465,0.05023,0.01679,0.242107681449398,0.33794508513829,0.238022559857652,0.117149892229056,0.0481293729826759,0.0166454083429282,0.03904275,0.1261523,0.2042422,0.220961,0.1797365,0.1172761,0.0441703266922835,0.142508534385019,0.23302049305506,0.239677711579286,0.203924742031024,0.136698192257327,169,LSDGHFIPILGFGTYAPQEVPK,796.08624,3,31
29,0.046,0.0180043310533366,0.22193,0.30404,0.23907,0.13709,0.06295,0.02432,0.236006463048702,0.307793264116013,0.240773837618384,0.134514736725627,0.0602840744179864,0.0206276240732867,0.05662711,0.1567864,0.2229888,0.2167662,0.1616497,0.09840758,0.0537529798058766,0.159302823649215,0.240713212978443,0.242204266544788,0.184738133897823,0.119288583123855,169,QLQLDYVDLYLIHFPMAMK,780.07062,3,31
32,0.046,0.0148483431235468,0.26757,0.3169,0.22427,0.11726,0.04943,0.01761,0.262939970677578,0.321417116169803,0.226669195890004,0.121650633322801,0.0490815812258405,0.0182415027139742,0.05927631,0.1616958,0.2264287,0.2166273,0.1589358,0.09516247,0.0627154143315928,0.179668208346908,0.246970394338017,0.233792044975921,0.172814574882966,0.104039363124595,139,YKPVcNQVEcHPYLNQGK,745.35425,3,31
26,0.046,0.00705253660964546,0.43294,0.32641,0.1596,0.05833,0.01728,0.00432,0.453990644377425,0.324008700077812,0.151321914472872,0.0529517626374015,0.0146326216434239,0.00309435679106591,0.1272333,0.2554853,0.2633777,0.1855643,0.1002724,0.04419654,0.133883527012543,0.271331308278081,0.263839425235835,0.187155222603975,0.099673875169907,0.0441166416996595,92,HIDSASMYQNEK,711.81952,2,31
26,0.046,0.00839572163143773,0.43294,0.32641,0.1596,0.05833,0.01728,0.00432,0.449225065559797,0.327523381958441,0.153256277495581,0.052232219299036,0.0154687572439783,0.00229429844316627,0.1272333,0.2554853,0.2633777,0.1855643,0.1002724,0.04419654,0.12827249250164,0.267732952219147,0.267888293817029,0.180491895093173,0.114891107248154,0.0407232591208557,92,HIDSASMYQNEK,474.88211,3,31
17,0.046,0.00772194778872253,0.44166,0.34859,0.14992,0.04595,0.01115,0.00227,0.447079469855787,0.362158772244635,0.14482883652238,0.0356108326516035,0.00864414436347451,0.00167794436212015,0.1983148,0.3191361,0.2583835,0.1404476,0.05769083,0.01910949,0.197139770754182,0.31668423155978,0.26017305293926,0.132920739286497,0.074719210029066,0.0183629954312151,95,LSDGHFIPILGF,658.3559,2,31
28,0.046,0.0224232322564514,0.28524,0.31781,0.21783,0.111,0.04584,0.01605,0.29200404452573,0.323147627760352,0.213301135098957,0.112667714674779,0.0450266712986902,0.0138528066414916,0.07629107,0.1880361,0.2401346,0.2111304,0.1432446,0.0797118,0.0636620834113744,0.171531754505302,0.242944148541322,0.239393439131102,0.174921218842323,0.107547355568576,134,LIYDAVDIcDTWEAMEK,1036.47119,2,31
18,0.046,0.0172831408345728,0.40446,0.35094,0.16745,0.05723,0.01555,0.00355,0.410968075064969,0.355573664241574,0.167860610287242,0.0517454697695853,0.0138521806366289,0,0.1732558,0.3007507,0.2638927,0.1561253,0.07007797,0.02545577,0.151630186276509,0.281130210309268,0.268067592827004,0.181242449748789,0.0857772886189751,0.0321522722194542,83,DHPDFPFWDEY,734.2962,2,31
30,0.046,0.0159676032913242,0.3672,0.35277,0.18459,0.06881,0.02032,0.00503,0.369117362088227,0.370416171555922,0.18839500713323,0.0556419767564984,0.0164294824661221,0,0.08938325,0.2152085,0.2596245,0.2093435,0.1269785,0.06182089,0.0997254993335246,0.238687695536325,0.255808636821172,0.226183479252947,0.138671008672898,0.0409236803831326,127,SKDIVLVAYSALGSHR,429.74142,4,31
32,0.046,0.0188551116419083,0.26757,0.3169,0.22427,0.11726,0.04943,0.01761,0.278687031964067,0.348564382012203,0.230606271870168,0.109333994350205,0.025348824738301,0.00745949506505618,0.05927631,0.1616958,0.2264287,0.2166273,0.1589358,0.09516247,0.0780436548703085,0.188438744654504,0.25311740840666,0.23195137828058,0.163274346047622,0.0851744677403254,139,YKPVcNQVEcHPYLNQGK,1117.52771,2,31
30,0.046,0.0255955264201109,0.29733,0.31887,0.21355,0.10657,0.04319,0.01485,0.313275360993779,0.347462362357851,0.208187541273145,0.119786150942284,0.00849758275861471,0.00279100167432477,0.07237561,0.1823465,0.2375253,0.2126433,0.1467022,0.08292251,0.0484587208899509,0.186454473681169,0.250838500234747,0.22192498849187,0.154461855027324,0.137861461674939,131,ENMQVFEFQLTSEDMK,659.29736,3,31
